text,intent
mo word,open_app
mo word giup toi,open_app
bat word len,open_app
khoi dong word,open_app
cho toi mo word,open_app
vao word giup toi,open_app
mo cai word len,open_app
toi can dung word,open_app
cho mo word mot lat,open_app
bat phan mem word,open_app
dong word,close_app
tat word,close_app
thoat word,close_app
dong word lai,close_app
tat word giup toi,close_app
thoat khoi word,close_app
dong het word,close_app
dong toan bo cua so word,close_app
ngung word,close_app
dung word lai,close_app
mo microsoft word,open_app
mo microsoft word giup toi,open_app
bat microsoft word len,open_app
khoi dong microsoft word,open_app
cho toi mo microsoft word,open_app
vao microsoft word giup toi,open_app
mo cai microsoft word len,open_app
toi can dung microsoft word,open_app
cho mo microsoft word mot lat,open_app
bat phan mem microsoft word,open_app
dong microsoft word,close_app
tat microsoft word,close_app
thoat microsoft word,close_app
dong microsoft word lai,close_app
tat microsoft word giup toi,close_app
thoat khoi microsoft word,close_app
dong het microsoft word,close_app
dong toan bo cua so microsoft word,close_app
ngung microsoft word,close_app
dung microsoft word lai,close_app
mo ms word,open_app
mo ms word giup toi,open_app
bat ms word len,open_app
khoi dong ms word,open_app
cho toi mo ms word,open_app
vao ms word giup toi,open_app
mo cai ms word len,open_app
toi can dung ms word,open_app
cho mo ms word mot lat,open_app
bat phan mem ms word,open_app
dong ms word,close_app
tat ms word,close_app
thoat ms word,close_app
dong ms word lai,close_app
tat ms word giup toi,close_app
thoat khoi ms word,close_app
dong het ms word,close_app
dong toan bo cua so ms word,close_app
ngung ms word,close_app
dung ms word lai,close_app
mo excel,open_app
mo excel giup toi,open_app
bat excel len,open_app
khoi dong excel,open_app
cho toi mo excel,open_app
vao excel giup toi,open_app
mo cai excel len,open_app
toi can dung excel,open_app
cho mo excel mot lat,open_app
bat phan mem excel,open_app
dong excel,close_app
tat excel,close_app
thoat excel,close_app
dong excel lai,close_app
tat excel giup toi,close_app
thoat khoi excel,close_app
dong het excel,close_app
dong toan bo cua so excel,close_app
ngung excel,close_app
dung excel lai,close_app
mo microsoft excel,open_app
mo microsoft excel giup toi,open_app
bat microsoft excel len,open_app
khoi dong microsoft excel,open_app
cho toi mo microsoft excel,open_app
vao microsoft excel giup toi,open_app
mo cai microsoft excel len,open_app
toi can dung microsoft excel,open_app
cho mo microsoft excel mot lat,open_app
bat phan mem microsoft excel,open_app
dong microsoft excel,close_app
tat microsoft excel,close_app
thoat microsoft excel,close_app
dong microsoft excel lai,close_app
tat microsoft excel giup toi,close_app
thoat khoi microsoft excel,close_app
dong het microsoft excel,close_app
dong toan bo cua so microsoft excel,close_app
ngung microsoft excel,close_app
dung microsoft excel lai,close_app
mo bang tinh excel,open_app
mo bang tinh excel giup toi,open_app
bat bang tinh excel len,open_app
khoi dong bang tinh excel,open_app
cho toi mo bang tinh excel,open_app
vao bang tinh excel giup toi,open_app
mo cai bang tinh excel len,open_app
toi can dung bang tinh excel,open_app
cho mo bang tinh excel mot lat,open_app
bat phan mem bang tinh excel,open_app
dong bang tinh excel,close_app
tat bang tinh excel,close_app
thoat bang tinh excel,close_app
dong bang tinh excel lai,close_app
tat bang tinh excel giup toi,close_app
thoat khoi bang tinh excel,close_app
dong het bang tinh excel,close_app
dong toan bo cua so bang tinh excel,close_app
ngung bang tinh excel,close_app
dung bang tinh excel lai,close_app
mo chrome,open_app
mo chrome giup toi,open_app
bat chrome len,open_app
khoi dong chrome,open_app
cho toi mo chrome,open_app
vao chrome giup toi,open_app
mo cai chrome len,open_app
toi can dung chrome,open_app
cho mo chrome mot lat,open_app
bat phan mem chrome,open_app
dong chrome,close_app
tat chrome,close_app
thoat chrome,close_app
dong chrome lai,close_app
tat chrome giup toi,close_app
thoat khoi chrome,close_app
dong het chrome,close_app
dong toan bo cua so chrome,close_app
ngung chrome,close_app
dung chrome lai,close_app
mo google chrome,open_app
mo google chrome giup toi,open_app
bat google chrome len,open_app
khoi dong google chrome,open_app
cho toi mo google chrome,open_app
vao google chrome giup toi,open_app
mo cai google chrome len,open_app
toi can dung google chrome,open_app
cho mo google chrome mot lat,open_app
bat phan mem google chrome,open_app
dong google chrome,close_app
tat google chrome,close_app
thoat google chrome,close_app
dong google chrome lai,close_app
tat google chrome giup toi,close_app
thoat khoi google chrome,close_app
dong het google chrome,close_app
dong toan bo cua so google chrome,close_app
ngung google chrome,close_app
dung google chrome lai,close_app
mo trinh duyet chrome,open_app
mo trinh duyet chrome giup toi,open_app
bat trinh duyet chrome len,open_app
khoi dong trinh duyet chrome,open_app
cho toi mo trinh duyet chrome,open_app
vao trinh duyet chrome giup toi,open_app
mo cai trinh duyet chrome len,open_app
toi can dung trinh duyet chrome,open_app
cho mo trinh duyet chrome mot lat,open_app
bat phan mem trinh duyet chrome,open_app
dong trinh duyet chrome,close_app
tat trinh duyet chrome,close_app
thoat trinh duyet chrome,close_app
dong trinh duyet chrome lai,close_app
tat trinh duyet chrome giup toi,close_app
thoat khoi trinh duyet chrome,close_app
dong het trinh duyet chrome,close_app
dong toan bo cua so trinh duyet chrome,close_app
ngung trinh duyet chrome,close_app
dung trinh duyet chrome lai,close_app
mo edge,open_app
mo edge giup toi,open_app
bat edge len,open_app
khoi dong edge,open_app
cho toi mo edge,open_app
vao edge giup toi,open_app
mo cai edge len,open_app
toi can dung edge,open_app
cho mo edge mot lat,open_app
bat phan mem edge,open_app
dong edge,close_app
tat edge,close_app
thoat edge,close_app
dong edge lai,close_app
tat edge giup toi,close_app
thoat khoi edge,close_app
dong het edge,close_app
dong toan bo cua so edge,close_app
ngung edge,close_app
dung edge lai,close_app
mo microsoft edge,open_app
mo microsoft edge giup toi,open_app
bat microsoft edge len,open_app
khoi dong microsoft edge,open_app
cho toi mo microsoft edge,open_app
vao microsoft edge giup toi,open_app
mo cai microsoft edge len,open_app
toi can dung microsoft edge,open_app
cho mo microsoft edge mot lat,open_app
bat phan mem microsoft edge,open_app
dong microsoft edge,close_app
tat microsoft edge,close_app
thoat microsoft edge,close_app
dong microsoft edge lai,close_app
tat microsoft edge giup toi,close_app
thoat khoi microsoft edge,close_app
dong het microsoft edge,close_app
dong toan bo cua so microsoft edge,close_app
ngung microsoft edge,close_app
dung microsoft edge lai,close_app
mo trinh duyet edge,open_app
mo trinh duyet edge giup toi,open_app
bat trinh duyet edge len,open_app
khoi dong trinh duyet edge,open_app
cho toi mo trinh duyet edge,open_app
vao trinh duyet edge giup toi,open_app
mo cai trinh duyet edge len,open_app
toi can dung trinh duyet edge,open_app
cho mo trinh duyet edge mot lat,open_app
bat phan mem trinh duyet edge,open_app
dong trinh duyet edge,close_app
tat trinh duyet edge,close_app
thoat trinh duyet edge,close_app
dong trinh duyet edge lai,close_app
tat trinh duyet edge giup toi,close_app
thoat khoi trinh duyet edge,close_app
dong het trinh duyet edge,close_app
dong toan bo cua so trinh duyet edge,close_app
ngung trinh duyet edge,close_app
dung trinh duyet edge lai,close_app
mo zalo,open_app
mo zalo giup toi,open_app
bat zalo len,open_app
khoi dong zalo,open_app
cho toi mo zalo,open_app
vao zalo giup toi,open_app
mo cai zalo len,open_app
toi can dung zalo,open_app
cho mo zalo mot lat,open_app
bat phan mem zalo,open_app
dong zalo,close_app
tat zalo,close_app
thoat zalo,close_app
dong zalo lai,close_app
tat zalo giup toi,close_app
thoat khoi zalo,close_app
dong het zalo,close_app
dong toan bo cua so zalo,close_app
ngung zalo,close_app
dung zalo lai,close_app
mo vscode,open_app
mo vscode giup toi,open_app
bat vscode len,open_app
khoi dong vscode,open_app
cho toi mo vscode,open_app
vao vscode giup toi,open_app
mo cai vscode len,open_app
toi can dung vscode,open_app
cho mo vscode mot lat,open_app
bat phan mem vscode,open_app
dong vscode,close_app
tat vscode,close_app
thoat vscode,close_app
dong vscode lai,close_app
tat vscode giup toi,close_app
thoat khoi vscode,close_app
dong het vscode,close_app
dong toan bo cua so vscode,close_app
ngung vscode,close_app
dung vscode lai,close_app
mo vs code,open_app
mo vs code giup toi,open_app
bat vs code len,open_app
khoi dong vs code,open_app
cho toi mo vs code,open_app
vao vs code giup toi,open_app
mo cai vs code len,open_app
toi can dung vs code,open_app
cho mo vs code mot lat,open_app
bat phan mem vs code,open_app
dong vs code,close_app
tat vs code,close_app
thoat vs code,close_app
dong vs code lai,close_app
tat vs code giup toi,close_app
thoat khoi vs code,close_app
dong het vs code,close_app
dong toan bo cua so vs code,close_app
ngung vs code,close_app
dung vs code lai,close_app
mo visual studio code,open_app
mo visual studio code giup toi,open_app
bat visual studio code len,open_app
khoi dong visual studio code,open_app
cho toi mo visual studio code,open_app
vao visual studio code giup toi,open_app
mo cai visual studio code len,open_app
toi can dung visual studio code,open_app
cho mo visual studio code mot lat,open_app
bat phan mem visual studio code,open_app
dong visual studio code,close_app
tat visual studio code,close_app
thoat visual studio code,close_app
dong visual studio code lai,close_app
tat visual studio code giup toi,close_app
thoat khoi visual studio code,close_app
dong het visual studio code,close_app
dong toan bo cua so visual studio code,close_app
ngung visual studio code,close_app
dung visual studio code lai,close_app
mo notepad,open_app
mo notepad giup toi,open_app
bat notepad len,open_app
khoi dong notepad,open_app
cho toi mo notepad,open_app
vao notepad giup toi,open_app
mo cai notepad len,open_app
toi can dung notepad,open_app
cho mo notepad mot lat,open_app
bat phan mem notepad,open_app
dong notepad,close_app
tat notepad,close_app
thoat notepad,close_app
dong notepad lai,close_app
tat notepad giup toi,close_app
thoat khoi notepad,close_app
dong het notepad,close_app
dong toan bo cua so notepad,close_app
ngung notepad,close_app
dung notepad lai,close_app
mo ghi chu,open_app
mo ghi chu giup toi,open_app
bat ghi chu len,open_app
khoi dong ghi chu,open_app
cho toi mo ghi chu,open_app
vao ghi chu giup toi,open_app
mo cai ghi chu len,open_app
toi can dung ghi chu,open_app
cho mo ghi chu mot lat,open_app
bat phan mem ghi chu,open_app
dong ghi chu,close_app
tat ghi chu,close_app
thoat ghi chu,close_app
dong ghi chu lai,close_app
tat ghi chu giup toi,close_app
thoat khoi ghi chu,close_app
dong het ghi chu,close_app
dong toan bo cua so ghi chu,close_app
ngung ghi chu,close_app
dung ghi chu lai,close_app
tim file bao cao,find_file
kiem giup toi file bao cao,find_file
tim tai lieu bao cao,find_file
kiem tra file bao cao trong may,find_file
tim thu bao cao,find_file
mo file bao cao,find_file
cho toi xem file bao cao,find_file
tai lieu bao cao nam dau,find_file
mo tai lieu bao cao,find_file
tim dum toi ban bao cao,find_file
xoa file bao cao,delete_file_name
xoa tai lieu bao cao,delete_file_name
bo file bao cao vao thung rac,delete_file_name
delete file bao cao,delete_file_name
xoa ban nhap bao cao,delete_file_name
don file bao cao,delete_file_name
remove file bao cao,delete_file_name
go file bao cao,delete_file_name
bo tai lieu bao cao di,delete_file_name
xoa folder bao cao,delete_file_name
tim file bao cao hom nay,find_file
kiem giup toi file bao cao hom nay,find_file
tim tai lieu bao cao hom nay,find_file
kiem tra file bao cao hom nay trong may,find_file
tim thu bao cao hom nay,find_file
mo file bao cao hom nay,find_file
cho toi xem file bao cao hom nay,find_file
tai lieu bao cao hom nay nam dau,find_file
mo tai lieu bao cao hom nay,find_file
tim dum toi ban bao cao hom nay,find_file
xoa file bao cao hom nay,delete_file_name
xoa tai lieu bao cao hom nay,delete_file_name
bo file bao cao hom nay vao thung rac,delete_file_name
delete file bao cao hom nay,delete_file_name
xoa ban nhap bao cao hom nay,delete_file_name
don file bao cao hom nay,delete_file_name
remove file bao cao hom nay,delete_file_name
go file bao cao hom nay,delete_file_name
bo tai lieu bao cao hom nay di,delete_file_name
xoa folder bao cao hom nay,delete_file_name
tim file bao cao hom qua,find_file
kiem giup toi file bao cao hom qua,find_file
tim tai lieu bao cao hom qua,find_file
kiem tra file bao cao hom qua trong may,find_file
tim thu bao cao hom qua,find_file
mo file bao cao hom qua,find_file
cho toi xem file bao cao hom qua,find_file
tai lieu bao cao hom qua nam dau,find_file
mo tai lieu bao cao hom qua,find_file
tim dum toi ban bao cao hom qua,find_file
xoa file bao cao hom qua,delete_file_name
xoa tai lieu bao cao hom qua,delete_file_name
bo file bao cao hom qua vao thung rac,delete_file_name
delete file bao cao hom qua,delete_file_name
xoa ban nhap bao cao hom qua,delete_file_name
don file bao cao hom qua,delete_file_name
remove file bao cao hom qua,delete_file_name
go file bao cao hom qua,delete_file_name
bo tai lieu bao cao hom qua di,delete_file_name
xoa folder bao cao hom qua,delete_file_name
tim file bao cao moi tai,find_file
kiem giup toi file bao cao moi tai,find_file
tim tai lieu bao cao moi tai,find_file
kiem tra file bao cao moi tai trong may,find_file
tim thu bao cao moi tai,find_file
mo file bao cao moi tai,find_file
cho toi xem file bao cao moi tai,find_file
tai lieu bao cao moi tai nam dau,find_file
mo tai lieu bao cao moi tai,find_file
tim dum toi ban bao cao moi tai,find_file
xoa file bao cao moi tai,delete_file_name
xoa tai lieu bao cao moi tai,delete_file_name
bo file bao cao moi tai vao thung rac,delete_file_name
delete file bao cao moi tai,delete_file_name
xoa ban nhap bao cao moi tai,delete_file_name
don file bao cao moi tai,delete_file_name
remove file bao cao moi tai,delete_file_name
go file bao cao moi tai,delete_file_name
bo tai lieu bao cao moi tai di,delete_file_name
xoa folder bao cao moi tai,delete_file_name
tim file bao cao thang nay,find_file
kiem giup toi file bao cao thang nay,find_file
tim tai lieu bao cao thang nay,find_file
kiem tra file bao cao thang nay trong may,find_file
tim thu bao cao thang nay,find_file
mo file bao cao thang nay,find_file
cho toi xem file bao cao thang nay,find_file
tai lieu bao cao thang nay nam dau,find_file
mo tai lieu bao cao thang nay,find_file
tim dum toi ban bao cao thang nay,find_file
xoa file bao cao thang nay,delete_file_name
xoa tai lieu bao cao thang nay,delete_file_name
bo file bao cao thang nay vao thung rac,delete_file_name
delete file bao cao thang nay,delete_file_name
xoa ban nhap bao cao thang nay,delete_file_name
don file bao cao thang nay,delete_file_name
remove file bao cao thang nay,delete_file_name
go file bao cao thang nay,delete_file_name
bo tai lieu bao cao thang nay di,delete_file_name
xoa folder bao cao thang nay,delete_file_name
tim file bao cao gan day,find_file
kiem giup toi file bao cao gan day,find_file
tim tai lieu bao cao gan day,find_file
kiem tra file bao cao gan day trong may,find_file
tim thu bao cao gan day,find_file
mo file bao cao gan day,find_file
cho toi xem file bao cao gan day,find_file
tai lieu bao cao gan day nam dau,find_file
mo tai lieu bao cao gan day,find_file
tim dum toi ban bao cao gan day,find_file
xoa file bao cao gan day,delete_file_name
xoa tai lieu bao cao gan day,delete_file_name
bo file bao cao gan day vao thung rac,delete_file_name
delete file bao cao gan day,delete_file_name
xoa ban nhap bao cao gan day,delete_file_name
don file bao cao gan day,delete_file_name
remove file bao cao gan day,delete_file_name
go file bao cao gan day,delete_file_name
bo tai lieu bao cao gan day di,delete_file_name
xoa folder bao cao gan day,delete_file_name
tim file bao cao trong downloads,find_file
kiem giup toi file bao cao trong downloads,find_file
tim tai lieu bao cao trong downloads,find_file
kiem tra file bao cao trong downloads trong may,find_file
tim thu bao cao trong downloads,find_file
mo file bao cao trong downloads,find_file
cho toi xem file bao cao trong downloads,find_file
tai lieu bao cao trong downloads nam dau,find_file
mo tai lieu bao cao trong downloads,find_file
tim dum toi ban bao cao trong downloads,find_file
xoa file bao cao trong downloads,delete_file_name
xoa tai lieu bao cao trong downloads,delete_file_name
bo file bao cao trong downloads vao thung rac,delete_file_name
delete file bao cao trong downloads,delete_file_name
xoa ban nhap bao cao trong downloads,delete_file_name
don file bao cao trong downloads,delete_file_name
remove file bao cao trong downloads,delete_file_name
go file bao cao trong downloads,delete_file_name
bo tai lieu bao cao trong downloads di,delete_file_name
xoa folder bao cao trong downloads,delete_file_name
tim file bao cao tren desktop,find_file
kiem giup toi file bao cao tren desktop,find_file
tim tai lieu bao cao tren desktop,find_file
kiem tra file bao cao tren desktop trong may,find_file
tim thu bao cao tren desktop,find_file
mo file bao cao tren desktop,find_file
cho toi xem file bao cao tren desktop,find_file
tai lieu bao cao tren desktop nam dau,find_file
mo tai lieu bao cao tren desktop,find_file
tim dum toi ban bao cao tren desktop,find_file
xoa file bao cao tren desktop,delete_file_name
xoa tai lieu bao cao tren desktop,delete_file_name
bo file bao cao tren desktop vao thung rac,delete_file_name
delete file bao cao tren desktop,delete_file_name
xoa ban nhap bao cao tren desktop,delete_file_name
don file bao cao tren desktop,delete_file_name
remove file bao cao tren desktop,delete_file_name
go file bao cao tren desktop,delete_file_name
bo tai lieu bao cao tren desktop di,delete_file_name
xoa folder bao cao tren desktop,delete_file_name
tim file bao cao trong documents,find_file
kiem giup toi file bao cao trong documents,find_file
tim tai lieu bao cao trong documents,find_file
kiem tra file bao cao trong documents trong may,find_file
tim thu bao cao trong documents,find_file
mo file bao cao trong documents,find_file
cho toi xem file bao cao trong documents,find_file
tai lieu bao cao trong documents nam dau,find_file
mo tai lieu bao cao trong documents,find_file
tim dum toi ban bao cao trong documents,find_file
xoa file bao cao trong documents,delete_file_name
xoa tai lieu bao cao trong documents,delete_file_name
bo file bao cao trong documents vao thung rac,delete_file_name
delete file bao cao trong documents,delete_file_name
xoa ban nhap bao cao trong documents,delete_file_name
don file bao cao trong documents,delete_file_name
remove file bao cao trong documents,delete_file_name
go file bao cao trong documents,delete_file_name
bo tai lieu bao cao trong documents di,delete_file_name
xoa folder bao cao trong documents,delete_file_name
tim file bao cao tuan truoc,find_file
kiem giup toi file bao cao tuan truoc,find_file
tim tai lieu bao cao tuan truoc,find_file
kiem tra file bao cao tuan truoc trong may,find_file
tim thu bao cao tuan truoc,find_file
mo file bao cao tuan truoc,find_file
cho toi xem file bao cao tuan truoc,find_file
tai lieu bao cao tuan truoc nam dau,find_file
mo tai lieu bao cao tuan truoc,find_file
tim dum toi ban bao cao tuan truoc,find_file
xoa file bao cao tuan truoc,delete_file_name
xoa tai lieu bao cao tuan truoc,delete_file_name
bo file bao cao tuan truoc vao thung rac,delete_file_name
delete file bao cao tuan truoc,delete_file_name
xoa ban nhap bao cao tuan truoc,delete_file_name
don file bao cao tuan truoc,delete_file_name
remove file bao cao tuan truoc,delete_file_name
go file bao cao tuan truoc,delete_file_name
bo tai lieu bao cao tuan truoc di,delete_file_name
xoa folder bao cao tuan truoc,delete_file_name
tim file hop dong,find_file
kiem giup toi file hop dong,find_file
tim tai lieu hop dong,find_file
kiem tra file hop dong trong may,find_file
tim thu hop dong,find_file
mo file hop dong,find_file
cho toi xem file hop dong,find_file
tai lieu hop dong nam dau,find_file
mo tai lieu hop dong,find_file
tim dum toi ban hop dong,find_file
xoa file hop dong,delete_file_name
xoa tai lieu hop dong,delete_file_name
bo file hop dong vao thung rac,delete_file_name
delete file hop dong,delete_file_name
xoa ban nhap hop dong,delete_file_name
don file hop dong,delete_file_name
remove file hop dong,delete_file_name
go file hop dong,delete_file_name
bo tai lieu hop dong di,delete_file_name
xoa folder hop dong,delete_file_name
tim file hop dong hom nay,find_file
kiem giup toi file hop dong hom nay,find_file
tim tai lieu hop dong hom nay,find_file
kiem tra file hop dong hom nay trong may,find_file
tim thu hop dong hom nay,find_file
mo file hop dong hom nay,find_file
cho toi xem file hop dong hom nay,find_file
tai lieu hop dong hom nay nam dau,find_file
mo tai lieu hop dong hom nay,find_file
tim dum toi ban hop dong hom nay,find_file
xoa file hop dong hom nay,delete_file_name
xoa tai lieu hop dong hom nay,delete_file_name
bo file hop dong hom nay vao thung rac,delete_file_name
delete file hop dong hom nay,delete_file_name
xoa ban nhap hop dong hom nay,delete_file_name
don file hop dong hom nay,delete_file_name
remove file hop dong hom nay,delete_file_name
go file hop dong hom nay,delete_file_name
bo tai lieu hop dong hom nay di,delete_file_name
xoa folder hop dong hom nay,delete_file_name
tim file hop dong hom qua,find_file
kiem giup toi file hop dong hom qua,find_file
tim tai lieu hop dong hom qua,find_file
kiem tra file hop dong hom qua trong may,find_file
tim thu hop dong hom qua,find_file
mo file hop dong hom qua,find_file
cho toi xem file hop dong hom qua,find_file
tai lieu hop dong hom qua nam dau,find_file
mo tai lieu hop dong hom qua,find_file
tim dum toi ban hop dong hom qua,find_file
xoa file hop dong hom qua,delete_file_name
xoa tai lieu hop dong hom qua,delete_file_name
bo file hop dong hom qua vao thung rac,delete_file_name
delete file hop dong hom qua,delete_file_name
xoa ban nhap hop dong hom qua,delete_file_name
don file hop dong hom qua,delete_file_name
remove file hop dong hom qua,delete_file_name
go file hop dong hom qua,delete_file_name
bo tai lieu hop dong hom qua di,delete_file_name
xoa folder hop dong hom qua,delete_file_name
tim file hop dong moi tai,find_file
kiem giup toi file hop dong moi tai,find_file
tim tai lieu hop dong moi tai,find_file
kiem tra file hop dong moi tai trong may,find_file
tim thu hop dong moi tai,find_file
mo file hop dong moi tai,find_file
cho toi xem file hop dong moi tai,find_file
tai lieu hop dong moi tai nam dau,find_file
mo tai lieu hop dong moi tai,find_file
tim dum toi ban hop dong moi tai,find_file
xoa file hop dong moi tai,delete_file_name
xoa tai lieu hop dong moi tai,delete_file_name
bo file hop dong moi tai vao thung rac,delete_file_name
delete file hop dong moi tai,delete_file_name
xoa ban nhap hop dong moi tai,delete_file_name
don file hop dong moi tai,delete_file_name
remove file hop dong moi tai,delete_file_name
go file hop dong moi tai,delete_file_name
bo tai lieu hop dong moi tai di,delete_file_name
xoa folder hop dong moi tai,delete_file_name
tim file hop dong thang nay,find_file
kiem giup toi file hop dong thang nay,find_file
tim tai lieu hop dong thang nay,find_file
kiem tra file hop dong thang nay trong may,find_file
tim thu hop dong thang nay,find_file
mo file hop dong thang nay,find_file
cho toi xem file hop dong thang nay,find_file
tai lieu hop dong thang nay nam dau,find_file
mo tai lieu hop dong thang nay,find_file
tim dum toi ban hop dong thang nay,find_file
xoa file hop dong thang nay,delete_file_name
xoa tai lieu hop dong thang nay,delete_file_name
bo file hop dong thang nay vao thung rac,delete_file_name
delete file hop dong thang nay,delete_file_name
xoa ban nhap hop dong thang nay,delete_file_name
don file hop dong thang nay,delete_file_name
remove file hop dong thang nay,delete_file_name
go file hop dong thang nay,delete_file_name
bo tai lieu hop dong thang nay di,delete_file_name
xoa folder hop dong thang nay,delete_file_name
tim file hop dong gan day,find_file
kiem giup toi file hop dong gan day,find_file
tim tai lieu hop dong gan day,find_file
kiem tra file hop dong gan day trong may,find_file
tim thu hop dong gan day,find_file
mo file hop dong gan day,find_file
cho toi xem file hop dong gan day,find_file
tai lieu hop dong gan day nam dau,find_file
mo tai lieu hop dong gan day,find_file
tim dum toi ban hop dong gan day,find_file
xoa file hop dong gan day,delete_file_name
xoa tai lieu hop dong gan day,delete_file_name
bo file hop dong gan day vao thung rac,delete_file_name
delete file hop dong gan day,delete_file_name
xoa ban nhap hop dong gan day,delete_file_name
don file hop dong gan day,delete_file_name
remove file hop dong gan day,delete_file_name
go file hop dong gan day,delete_file_name
bo tai lieu hop dong gan day di,delete_file_name
xoa folder hop dong gan day,delete_file_name
tim file hop dong trong downloads,find_file
kiem giup toi file hop dong trong downloads,find_file
tim tai lieu hop dong trong downloads,find_file
kiem tra file hop dong trong downloads trong may,find_file
tim thu hop dong trong downloads,find_file
mo file hop dong trong downloads,find_file
cho toi xem file hop dong trong downloads,find_file
tai lieu hop dong trong downloads nam dau,find_file
mo tai lieu hop dong trong downloads,find_file
tim dum toi ban hop dong trong downloads,find_file
xoa file hop dong trong downloads,delete_file_name
xoa tai lieu hop dong trong downloads,delete_file_name
bo file hop dong trong downloads vao thung rac,delete_file_name
delete file hop dong trong downloads,delete_file_name
xoa ban nhap hop dong trong downloads,delete_file_name
don file hop dong trong downloads,delete_file_name
remove file hop dong trong downloads,delete_file_name
go file hop dong trong downloads,delete_file_name
bo tai lieu hop dong trong downloads di,delete_file_name
xoa folder hop dong trong downloads,delete_file_name
tim file hop dong tren desktop,find_file
kiem giup toi file hop dong tren desktop,find_file
tim tai lieu hop dong tren desktop,find_file
kiem tra file hop dong tren desktop trong may,find_file
tim thu hop dong tren desktop,find_file
mo file hop dong tren desktop,find_file
cho toi xem file hop dong tren desktop,find_file
tai lieu hop dong tren desktop nam dau,find_file
mo tai lieu hop dong tren desktop,find_file
tim dum toi ban hop dong tren desktop,find_file
xoa file hop dong tren desktop,delete_file_name
xoa tai lieu hop dong tren desktop,delete_file_name
bo file hop dong tren desktop vao thung rac,delete_file_name
delete file hop dong tren desktop,delete_file_name
xoa ban nhap hop dong tren desktop,delete_file_name
don file hop dong tren desktop,delete_file_name
remove file hop dong tren desktop,delete_file_name
go file hop dong tren desktop,delete_file_name
bo tai lieu hop dong tren desktop di,delete_file_name
xoa folder hop dong tren desktop,delete_file_name
tim file hop dong trong documents,find_file
kiem giup toi file hop dong trong documents,find_file
tim tai lieu hop dong trong documents,find_file
kiem tra file hop dong trong documents trong may,find_file
tim thu hop dong trong documents,find_file
mo file hop dong trong documents,find_file
cho toi xem file hop dong trong documents,find_file
tai lieu hop dong trong documents nam dau,find_file
mo tai lieu hop dong trong documents,find_file
tim dum toi ban hop dong trong documents,find_file
xoa file hop dong trong documents,delete_file_name
xoa tai lieu hop dong trong documents,delete_file_name
bo file hop dong trong documents vao thung rac,delete_file_name
delete file hop dong trong documents,delete_file_name
xoa ban nhap hop dong trong documents,delete_file_name
don file hop dong trong documents,delete_file_name
remove file hop dong trong documents,delete_file_name
go file hop dong trong documents,delete_file_name
bo tai lieu hop dong trong documents di,delete_file_name
xoa folder hop dong trong documents,delete_file_name
tim file hop dong tuan truoc,find_file
kiem giup toi file hop dong tuan truoc,find_file
tim tai lieu hop dong tuan truoc,find_file
kiem tra file hop dong tuan truoc trong may,find_file
tim thu hop dong tuan truoc,find_file
mo file hop dong tuan truoc,find_file
cho toi xem file hop dong tuan truoc,find_file
tai lieu hop dong tuan truoc nam dau,find_file
mo tai lieu hop dong tuan truoc,find_file
tim dum toi ban hop dong tuan truoc,find_file
xoa file hop dong tuan truoc,delete_file_name
xoa tai lieu hop dong tuan truoc,delete_file_name
bo file hop dong tuan truoc vao thung rac,delete_file_name
delete file hop dong tuan truoc,delete_file_name
xoa ban nhap hop dong tuan truoc,delete_file_name
don file hop dong tuan truoc,delete_file_name
remove file hop dong tuan truoc,delete_file_name
go file hop dong tuan truoc,delete_file_name
bo tai lieu hop dong tuan truoc di,delete_file_name
xoa folder hop dong tuan truoc,delete_file_name
tim file ke hoach,find_file
kiem giup toi file ke hoach,find_file
tim tai lieu ke hoach,find_file
kiem tra file ke hoach trong may,find_file
tim thu ke hoach,find_file
mo file ke hoach,find_file
cho toi xem file ke hoach,find_file
tai lieu ke hoach nam dau,find_file
mo tai lieu ke hoach,find_file
tim dum toi ban ke hoach,find_file
xoa file ke hoach,delete_file_name
xoa tai lieu ke hoach,delete_file_name
bo file ke hoach vao thung rac,delete_file_name
delete file ke hoach,delete_file_name
xoa ban nhap ke hoach,delete_file_name
don file ke hoach,delete_file_name
remove file ke hoach,delete_file_name
go file ke hoach,delete_file_name
bo tai lieu ke hoach di,delete_file_name
xoa folder ke hoach,delete_file_name
tim file ke hoach hom nay,find_file
kiem giup toi file ke hoach hom nay,find_file
tim tai lieu ke hoach hom nay,find_file
kiem tra file ke hoach hom nay trong may,find_file
tim thu ke hoach hom nay,find_file
mo file ke hoach hom nay,find_file
cho toi xem file ke hoach hom nay,find_file
tai lieu ke hoach hom nay nam dau,find_file
mo tai lieu ke hoach hom nay,find_file
tim dum toi ban ke hoach hom nay,find_file
xoa file ke hoach hom nay,delete_file_name
xoa tai lieu ke hoach hom nay,delete_file_name
bo file ke hoach hom nay vao thung rac,delete_file_name
delete file ke hoach hom nay,delete_file_name
xoa ban nhap ke hoach hom nay,delete_file_name
don file ke hoach hom nay,delete_file_name
remove file ke hoach hom nay,delete_file_name
go file ke hoach hom nay,delete_file_name
bo tai lieu ke hoach hom nay di,delete_file_name
xoa folder ke hoach hom nay,delete_file_name
tim file ke hoach hom qua,find_file
kiem giup toi file ke hoach hom qua,find_file
tim tai lieu ke hoach hom qua,find_file
kiem tra file ke hoach hom qua trong may,find_file
tim thu ke hoach hom qua,find_file
mo file ke hoach hom qua,find_file
cho toi xem file ke hoach hom qua,find_file
tai lieu ke hoach hom qua nam dau,find_file
mo tai lieu ke hoach hom qua,find_file
tim dum toi ban ke hoach hom qua,find_file
xoa file ke hoach hom qua,delete_file_name
xoa tai lieu ke hoach hom qua,delete_file_name
bo file ke hoach hom qua vao thung rac,delete_file_name
delete file ke hoach hom qua,delete_file_name
xoa ban nhap ke hoach hom qua,delete_file_name
don file ke hoach hom qua,delete_file_name
remove file ke hoach hom qua,delete_file_name
go file ke hoach hom qua,delete_file_name
bo tai lieu ke hoach hom qua di,delete_file_name
xoa folder ke hoach hom qua,delete_file_name
tim file ke hoach moi tai,find_file
kiem giup toi file ke hoach moi tai,find_file
tim tai lieu ke hoach moi tai,find_file
kiem tra file ke hoach moi tai trong may,find_file
tim thu ke hoach moi tai,find_file
mo file ke hoach moi tai,find_file
cho toi xem file ke hoach moi tai,find_file
tai lieu ke hoach moi tai nam dau,find_file
mo tai lieu ke hoach moi tai,find_file
tim dum toi ban ke hoach moi tai,find_file
xoa file ke hoach moi tai,delete_file_name
xoa tai lieu ke hoach moi tai,delete_file_name
bo file ke hoach moi tai vao thung rac,delete_file_name
delete file ke hoach moi tai,delete_file_name
xoa ban nhap ke hoach moi tai,delete_file_name
don file ke hoach moi tai,delete_file_name
remove file ke hoach moi tai,delete_file_name
go file ke hoach moi tai,delete_file_name
bo tai lieu ke hoach moi tai di,delete_file_name
xoa folder ke hoach moi tai,delete_file_name
tim file ke hoach thang nay,find_file
kiem giup toi file ke hoach thang nay,find_file
tim tai lieu ke hoach thang nay,find_file
kiem tra file ke hoach thang nay trong may,find_file
tim thu ke hoach thang nay,find_file
mo file ke hoach thang nay,find_file
cho toi xem file ke hoach thang nay,find_file
tai lieu ke hoach thang nay nam dau,find_file
mo tai lieu ke hoach thang nay,find_file
tim dum toi ban ke hoach thang nay,find_file
xoa file ke hoach thang nay,delete_file_name
xoa tai lieu ke hoach thang nay,delete_file_name
bo file ke hoach thang nay vao thung rac,delete_file_name
delete file ke hoach thang nay,delete_file_name
xoa ban nhap ke hoach thang nay,delete_file_name
don file ke hoach thang nay,delete_file_name
remove file ke hoach thang nay,delete_file_name
go file ke hoach thang nay,delete_file_name
bo tai lieu ke hoach thang nay di,delete_file_name
xoa folder ke hoach thang nay,delete_file_name
tim file ke hoach gan day,find_file
kiem giup toi file ke hoach gan day,find_file
tim tai lieu ke hoach gan day,find_file
kiem tra file ke hoach gan day trong may,find_file
tim thu ke hoach gan day,find_file
mo file ke hoach gan day,find_file
cho toi xem file ke hoach gan day,find_file
tai lieu ke hoach gan day nam dau,find_file
mo tai lieu ke hoach gan day,find_file
tim dum toi ban ke hoach gan day,find_file
xoa file ke hoach gan day,delete_file_name
xoa tai lieu ke hoach gan day,delete_file_name
bo file ke hoach gan day vao thung rac,delete_file_name
delete file ke hoach gan day,delete_file_name
xoa ban nhap ke hoach gan day,delete_file_name
don file ke hoach gan day,delete_file_name
remove file ke hoach gan day,delete_file_name
go file ke hoach gan day,delete_file_name
bo tai lieu ke hoach gan day di,delete_file_name
xoa folder ke hoach gan day,delete_file_name
tim file ke hoach trong downloads,find_file
kiem giup toi file ke hoach trong downloads,find_file
tim tai lieu ke hoach trong downloads,find_file
kiem tra file ke hoach trong downloads trong may,find_file
tim thu ke hoach trong downloads,find_file
mo file ke hoach trong downloads,find_file
cho toi xem file ke hoach trong downloads,find_file
tai lieu ke hoach trong downloads nam dau,find_file
mo tai lieu ke hoach trong downloads,find_file
tim dum toi ban ke hoach trong downloads,find_file
xoa file ke hoach trong downloads,delete_file_name
xoa tai lieu ke hoach trong downloads,delete_file_name
bo file ke hoach trong downloads vao thung rac,delete_file_name
delete file ke hoach trong downloads,delete_file_name
xoa ban nhap ke hoach trong downloads,delete_file_name
don file ke hoach trong downloads,delete_file_name
remove file ke hoach trong downloads,delete_file_name
go file ke hoach trong downloads,delete_file_name
bo tai lieu ke hoach trong downloads di,delete_file_name
xoa folder ke hoach trong downloads,delete_file_name
tim file ke hoach tren desktop,find_file
kiem giup toi file ke hoach tren desktop,find_file
tim tai lieu ke hoach tren desktop,find_file
kiem tra file ke hoach tren desktop trong may,find_file
tim thu ke hoach tren desktop,find_file
mo file ke hoach tren desktop,find_file
cho toi xem file ke hoach tren desktop,find_file
tai lieu ke hoach tren desktop nam dau,find_file
mo tai lieu ke hoach tren desktop,find_file
tim dum toi ban ke hoach tren desktop,find_file
xoa file ke hoach tren desktop,delete_file_name
xoa tai lieu ke hoach tren desktop,delete_file_name
bo file ke hoach tren desktop vao thung rac,delete_file_name
delete file ke hoach tren desktop,delete_file_name
xoa ban nhap ke hoach tren desktop,delete_file_name
don file ke hoach tren desktop,delete_file_name
remove file ke hoach tren desktop,delete_file_name
go file ke hoach tren desktop,delete_file_name
bo tai lieu ke hoach tren desktop di,delete_file_name
xoa folder ke hoach tren desktop,delete_file_name
tim file ke hoach trong documents,find_file
kiem giup toi file ke hoach trong documents,find_file
tim tai lieu ke hoach trong documents,find_file
kiem tra file ke hoach trong documents trong may,find_file
tim thu ke hoach trong documents,find_file
mo file ke hoach trong documents,find_file
cho toi xem file ke hoach trong documents,find_file
tai lieu ke hoach trong documents nam dau,find_file
mo tai lieu ke hoach trong documents,find_file
tim dum toi ban ke hoach trong documents,find_file
xoa file ke hoach trong documents,delete_file_name
xoa tai lieu ke hoach trong documents,delete_file_name
bo file ke hoach trong documents vao thung rac,delete_file_name
delete file ke hoach trong documents,delete_file_name
xoa ban nhap ke hoach trong documents,delete_file_name
don file ke hoach trong documents,delete_file_name
remove file ke hoach trong documents,delete_file_name
go file ke hoach trong documents,delete_file_name
bo tai lieu ke hoach trong documents di,delete_file_name
xoa folder ke hoach trong documents,delete_file_name
tim file ke hoach tuan truoc,find_file
kiem giup toi file ke hoach tuan truoc,find_file
tim tai lieu ke hoach tuan truoc,find_file
kiem tra file ke hoach tuan truoc trong may,find_file
tim thu ke hoach tuan truoc,find_file
mo file ke hoach tuan truoc,find_file
cho toi xem file ke hoach tuan truoc,find_file
tai lieu ke hoach tuan truoc nam dau,find_file
mo tai lieu ke hoach tuan truoc,find_file
tim dum toi ban ke hoach tuan truoc,find_file
xoa file ke hoach tuan truoc,delete_file_name
xoa tai lieu ke hoach tuan truoc,delete_file_name
bo file ke hoach tuan truoc vao thung rac,delete_file_name
delete file ke hoach tuan truoc,delete_file_name
xoa ban nhap ke hoach tuan truoc,delete_file_name
don file ke hoach tuan truoc,delete_file_name
remove file ke hoach tuan truoc,delete_file_name
go file ke hoach tuan truoc,delete_file_name
bo tai lieu ke hoach tuan truoc di,delete_file_name
xoa folder ke hoach tuan truoc,delete_file_name
tim file doanh thu,find_file
kiem giup toi file doanh thu,find_file
tim tai lieu doanh thu,find_file
kiem tra file doanh thu trong may,find_file
tim thu doanh thu,find_file
mo file doanh thu,find_file
cho toi xem file doanh thu,find_file
tai lieu doanh thu nam dau,find_file
mo tai lieu doanh thu,find_file
tim dum toi ban doanh thu,find_file
xoa file doanh thu,delete_file_name
xoa tai lieu doanh thu,delete_file_name
bo file doanh thu vao thung rac,delete_file_name
delete file doanh thu,delete_file_name
xoa ban nhap doanh thu,delete_file_name
don file doanh thu,delete_file_name
remove file doanh thu,delete_file_name
go file doanh thu,delete_file_name
bo tai lieu doanh thu di,delete_file_name
xoa folder doanh thu,delete_file_name
tim file doanh thu hom nay,find_file
kiem giup toi file doanh thu hom nay,find_file
tim tai lieu doanh thu hom nay,find_file
kiem tra file doanh thu hom nay trong may,find_file
tim thu doanh thu hom nay,find_file
mo file doanh thu hom nay,find_file
cho toi xem file doanh thu hom nay,find_file
tai lieu doanh thu hom nay nam dau,find_file
mo tai lieu doanh thu hom nay,find_file
tim dum toi ban doanh thu hom nay,find_file
xoa file doanh thu hom nay,delete_file_name
xoa tai lieu doanh thu hom nay,delete_file_name
bo file doanh thu hom nay vao thung rac,delete_file_name
delete file doanh thu hom nay,delete_file_name
xoa ban nhap doanh thu hom nay,delete_file_name
don file doanh thu hom nay,delete_file_name
remove file doanh thu hom nay,delete_file_name
go file doanh thu hom nay,delete_file_name
bo tai lieu doanh thu hom nay di,delete_file_name
xoa folder doanh thu hom nay,delete_file_name
tim file doanh thu hom qua,find_file
kiem giup toi file doanh thu hom qua,find_file
tim tai lieu doanh thu hom qua,find_file
kiem tra file doanh thu hom qua trong may,find_file
tim thu doanh thu hom qua,find_file
mo file doanh thu hom qua,find_file
cho toi xem file doanh thu hom qua,find_file
tai lieu doanh thu hom qua nam dau,find_file
mo tai lieu doanh thu hom qua,find_file
tim dum toi ban doanh thu hom qua,find_file
xoa file doanh thu hom qua,delete_file_name
xoa tai lieu doanh thu hom qua,delete_file_name
bo file doanh thu hom qua vao thung rac,delete_file_name
delete file doanh thu hom qua,delete_file_name
xoa ban nhap doanh thu hom qua,delete_file_name
don file doanh thu hom qua,delete_file_name
remove file doanh thu hom qua,delete_file_name
go file doanh thu hom qua,delete_file_name
bo tai lieu doanh thu hom qua di,delete_file_name
xoa folder doanh thu hom qua,delete_file_name
tim file doanh thu moi tai,find_file
kiem giup toi file doanh thu moi tai,find_file
tim tai lieu doanh thu moi tai,find_file
kiem tra file doanh thu moi tai trong may,find_file
tim thu doanh thu moi tai,find_file
mo file doanh thu moi tai,find_file
cho toi xem file doanh thu moi tai,find_file
tai lieu doanh thu moi tai nam dau,find_file
mo tai lieu doanh thu moi tai,find_file
tim dum toi ban doanh thu moi tai,find_file
xoa file doanh thu moi tai,delete_file_name
xoa tai lieu doanh thu moi tai,delete_file_name
bo file doanh thu moi tai vao thung rac,delete_file_name
delete file doanh thu moi tai,delete_file_name
xoa ban nhap doanh thu moi tai,delete_file_name
don file doanh thu moi tai,delete_file_name
remove file doanh thu moi tai,delete_file_name
go file doanh thu moi tai,delete_file_name
bo tai lieu doanh thu moi tai di,delete_file_name
xoa folder doanh thu moi tai,delete_file_name
tim file doanh thu thang nay,find_file
kiem giup toi file doanh thu thang nay,find_file
tim tai lieu doanh thu thang nay,find_file
kiem tra file doanh thu thang nay trong may,find_file
tim thu doanh thu thang nay,find_file
mo file doanh thu thang nay,find_file
cho toi xem file doanh thu thang nay,find_file
tai lieu doanh thu thang nay nam dau,find_file
mo tai lieu doanh thu thang nay,find_file
tim dum toi ban doanh thu thang nay,find_file
xoa file doanh thu thang nay,delete_file_name
xoa tai lieu doanh thu thang nay,delete_file_name
bo file doanh thu thang nay vao thung rac,delete_file_name
delete file doanh thu thang nay,delete_file_name
xoa ban nhap doanh thu thang nay,delete_file_name
don file doanh thu thang nay,delete_file_name
remove file doanh thu thang nay,delete_file_name
go file doanh thu thang nay,delete_file_name
bo tai lieu doanh thu thang nay di,delete_file_name
xoa folder doanh thu thang nay,delete_file_name
tim file doanh thu gan day,find_file
kiem giup toi file doanh thu gan day,find_file
tim tai lieu doanh thu gan day,find_file
kiem tra file doanh thu gan day trong may,find_file
tim thu doanh thu gan day,find_file
mo file doanh thu gan day,find_file
cho toi xem file doanh thu gan day,find_file
tai lieu doanh thu gan day nam dau,find_file
mo tai lieu doanh thu gan day,find_file
tim dum toi ban doanh thu gan day,find_file
xoa file doanh thu gan day,delete_file_name
xoa tai lieu doanh thu gan day,delete_file_name
bo file doanh thu gan day vao thung rac,delete_file_name
delete file doanh thu gan day,delete_file_name
xoa ban nhap doanh thu gan day,delete_file_name
don file doanh thu gan day,delete_file_name
remove file doanh thu gan day,delete_file_name
go file doanh thu gan day,delete_file_name
bo tai lieu doanh thu gan day di,delete_file_name
xoa folder doanh thu gan day,delete_file_name
tim file doanh thu trong downloads,find_file
kiem giup toi file doanh thu trong downloads,find_file
tim tai lieu doanh thu trong downloads,find_file
kiem tra file doanh thu trong downloads trong may,find_file
tim thu doanh thu trong downloads,find_file
mo file doanh thu trong downloads,find_file
cho toi xem file doanh thu trong downloads,find_file
tai lieu doanh thu trong downloads nam dau,find_file
mo tai lieu doanh thu trong downloads,find_file
tim dum toi ban doanh thu trong downloads,find_file
xoa file doanh thu trong downloads,delete_file_name
xoa tai lieu doanh thu trong downloads,delete_file_name
bo file doanh thu trong downloads vao thung rac,delete_file_name
delete file doanh thu trong downloads,delete_file_name
xoa ban nhap doanh thu trong downloads,delete_file_name
don file doanh thu trong downloads,delete_file_name
remove file doanh thu trong downloads,delete_file_name
go file doanh thu trong downloads,delete_file_name
bo tai lieu doanh thu trong downloads di,delete_file_name
xoa folder doanh thu trong downloads,delete_file_name
tim file doanh thu tren desktop,find_file
kiem giup toi file doanh thu tren desktop,find_file
tim tai lieu doanh thu tren desktop,find_file
kiem tra file doanh thu tren desktop trong may,find_file
tim thu doanh thu tren desktop,find_file
mo file doanh thu tren desktop,find_file
cho toi xem file doanh thu tren desktop,find_file
tai lieu doanh thu tren desktop nam dau,find_file
mo tai lieu doanh thu tren desktop,find_file
tim dum toi ban doanh thu tren desktop,find_file
xoa file doanh thu tren desktop,delete_file_name
xoa tai lieu doanh thu tren desktop,delete_file_name
bo file doanh thu tren desktop vao thung rac,delete_file_name
delete file doanh thu tren desktop,delete_file_name
xoa ban nhap doanh thu tren desktop,delete_file_name
don file doanh thu tren desktop,delete_file_name
remove file doanh thu tren desktop,delete_file_name
go file doanh thu tren desktop,delete_file_name
bo tai lieu doanh thu tren desktop di,delete_file_name
xoa folder doanh thu tren desktop,delete_file_name
tim file doanh thu trong documents,find_file
kiem giup toi file doanh thu trong documents,find_file
tim tai lieu doanh thu trong documents,find_file
kiem tra file doanh thu trong documents trong may,find_file
tim thu doanh thu trong documents,find_file
mo file doanh thu trong documents,find_file
cho toi xem file doanh thu trong documents,find_file
tai lieu doanh thu trong documents nam dau,find_file
mo tai lieu doanh thu trong documents,find_file
tim dum toi ban doanh thu trong documents,find_file
xoa file doanh thu trong documents,delete_file_name
xoa tai lieu doanh thu trong documents,delete_file_name
bo file doanh thu trong documents vao thung rac,delete_file_name
delete file doanh thu trong documents,delete_file_name
xoa ban nhap doanh thu trong documents,delete_file_name
don file doanh thu trong documents,delete_file_name
remove file doanh thu trong documents,delete_file_name
go file doanh thu trong documents,delete_file_name
bo tai lieu doanh thu trong documents di,delete_file_name
xoa folder doanh thu trong documents,delete_file_name
tim file doanh thu tuan truoc,find_file
kiem giup toi file doanh thu tuan truoc,find_file
tim tai lieu doanh thu tuan truoc,find_file
kiem tra file doanh thu tuan truoc trong may,find_file
tim thu doanh thu tuan truoc,find_file
mo file doanh thu tuan truoc,find_file
cho toi xem file doanh thu tuan truoc,find_file
tai lieu doanh thu tuan truoc nam dau,find_file
mo tai lieu doanh thu tuan truoc,find_file
tim dum toi ban doanh thu tuan truoc,find_file
xoa file doanh thu tuan truoc,delete_file_name
xoa tai lieu doanh thu tuan truoc,delete_file_name
bo file doanh thu tuan truoc vao thung rac,delete_file_name
delete file doanh thu tuan truoc,delete_file_name
xoa ban nhap doanh thu tuan truoc,delete_file_name
don file doanh thu tuan truoc,delete_file_name
remove file doanh thu tuan truoc,delete_file_name
go file doanh thu tuan truoc,delete_file_name
bo tai lieu doanh thu tuan truoc di,delete_file_name
xoa folder doanh thu tuan truoc,delete_file_name
tim file hoa don,find_file
kiem giup toi file hoa don,find_file
tim tai lieu hoa don,find_file
kiem tra file hoa don trong may,find_file
tim thu hoa don,find_file
mo file hoa don,find_file
cho toi xem file hoa don,find_file
tai lieu hoa don nam dau,find_file
mo tai lieu hoa don,find_file
tim dum toi ban hoa don,find_file
xoa file hoa don,delete_file_name
xoa tai lieu hoa don,delete_file_name
bo file hoa don vao thung rac,delete_file_name
delete file hoa don,delete_file_name
xoa ban nhap hoa don,delete_file_name
don file hoa don,delete_file_name
remove file hoa don,delete_file_name
go file hoa don,delete_file_name
bo tai lieu hoa don di,delete_file_name
xoa folder hoa don,delete_file_name
tim file hoa don hom nay,find_file
kiem giup toi file hoa don hom nay,find_file
tim tai lieu hoa don hom nay,find_file
kiem tra file hoa don hom nay trong may,find_file
tim thu hoa don hom nay,find_file
mo file hoa don hom nay,find_file
cho toi xem file hoa don hom nay,find_file
tai lieu hoa don hom nay nam dau,find_file
mo tai lieu hoa don hom nay,find_file
tim dum toi ban hoa don hom nay,find_file
xoa file hoa don hom nay,delete_file_name
xoa tai lieu hoa don hom nay,delete_file_name
bo file hoa don hom nay vao thung rac,delete_file_name
delete file hoa don hom nay,delete_file_name
xoa ban nhap hoa don hom nay,delete_file_name
don file hoa don hom nay,delete_file_name
remove file hoa don hom nay,delete_file_name
go file hoa don hom nay,delete_file_name
bo tai lieu hoa don hom nay di,delete_file_name
xoa folder hoa don hom nay,delete_file_name
tim file hoa don hom qua,find_file
kiem giup toi file hoa don hom qua,find_file
tim tai lieu hoa don hom qua,find_file
kiem tra file hoa don hom qua trong may,find_file
tim thu hoa don hom qua,find_file
mo file hoa don hom qua,find_file
cho toi xem file hoa don hom qua,find_file
tai lieu hoa don hom qua nam dau,find_file
mo tai lieu hoa don hom qua,find_file
tim dum toi ban hoa don hom qua,find_file
xoa file hoa don hom qua,delete_file_name
xoa tai lieu hoa don hom qua,delete_file_name
bo file hoa don hom qua vao thung rac,delete_file_name
delete file hoa don hom qua,delete_file_name
xoa ban nhap hoa don hom qua,delete_file_name
don file hoa don hom qua,delete_file_name
remove file hoa don hom qua,delete_file_name
go file hoa don hom qua,delete_file_name
bo tai lieu hoa don hom qua di,delete_file_name
xoa folder hoa don hom qua,delete_file_name
tim file hoa don moi tai,find_file
kiem giup toi file hoa don moi tai,find_file
tim tai lieu hoa don moi tai,find_file
kiem tra file hoa don moi tai trong may,find_file
tim thu hoa don moi tai,find_file
mo file hoa don moi tai,find_file
cho toi xem file hoa don moi tai,find_file
tai lieu hoa don moi tai nam dau,find_file
mo tai lieu hoa don moi tai,find_file
tim dum toi ban hoa don moi tai,find_file
xoa file hoa don moi tai,delete_file_name
xoa tai lieu hoa don moi tai,delete_file_name
bo file hoa don moi tai vao thung rac,delete_file_name
delete file hoa don moi tai,delete_file_name
xoa ban nhap hoa don moi tai,delete_file_name
don file hoa don moi tai,delete_file_name
remove file hoa don moi tai,delete_file_name
go file hoa don moi tai,delete_file_name
bo tai lieu hoa don moi tai di,delete_file_name
xoa folder hoa don moi tai,delete_file_name
tim file hoa don thang nay,find_file
kiem giup toi file hoa don thang nay,find_file
tim tai lieu hoa don thang nay,find_file
kiem tra file hoa don thang nay trong may,find_file
tim thu hoa don thang nay,find_file
mo file hoa don thang nay,find_file
cho toi xem file hoa don thang nay,find_file
tai lieu hoa don thang nay nam dau,find_file
mo tai lieu hoa don thang nay,find_file
tim dum toi ban hoa don thang nay,find_file
xoa file hoa don thang nay,delete_file_name
xoa tai lieu hoa don thang nay,delete_file_name
bo file hoa don thang nay vao thung rac,delete_file_name
delete file hoa don thang nay,delete_file_name
xoa ban nhap hoa don thang nay,delete_file_name
don file hoa don thang nay,delete_file_name
remove file hoa don thang nay,delete_file_name
go file hoa don thang nay,delete_file_name
bo tai lieu hoa don thang nay di,delete_file_name
xoa folder hoa don thang nay,delete_file_name
tim file hoa don gan day,find_file
kiem giup toi file hoa don gan day,find_file
tim tai lieu hoa don gan day,find_file
kiem tra file hoa don gan day trong may,find_file
tim thu hoa don gan day,find_file
mo file hoa don gan day,find_file
cho toi xem file hoa don gan day,find_file
tai lieu hoa don gan day nam dau,find_file
mo tai lieu hoa don gan day,find_file
tim dum toi ban hoa don gan day,find_file
xoa file hoa don gan day,delete_file_name
xoa tai lieu hoa don gan day,delete_file_name
bo file hoa don gan day vao thung rac,delete_file_name
delete file hoa don gan day,delete_file_name
xoa ban nhap hoa don gan day,delete_file_name
don file hoa don gan day,delete_file_name
remove file hoa don gan day,delete_file_name
go file hoa don gan day,delete_file_name
bo tai lieu hoa don gan day di,delete_file_name
xoa folder hoa don gan day,delete_file_name
tim file hoa don trong downloads,find_file
kiem giup toi file hoa don trong downloads,find_file
tim tai lieu hoa don trong downloads,find_file
kiem tra file hoa don trong downloads trong may,find_file
tim thu hoa don trong downloads,find_file
mo file hoa don trong downloads,find_file
cho toi xem file hoa don trong downloads,find_file
tai lieu hoa don trong downloads nam dau,find_file
mo tai lieu hoa don trong downloads,find_file
tim dum toi ban hoa don trong downloads,find_file
xoa file hoa don trong downloads,delete_file_name
xoa tai lieu hoa don trong downloads,delete_file_name
bo file hoa don trong downloads vao thung rac,delete_file_name
delete file hoa don trong downloads,delete_file_name
xoa ban nhap hoa don trong downloads,delete_file_name
don file hoa don trong downloads,delete_file_name
remove file hoa don trong downloads,delete_file_name
go file hoa don trong downloads,delete_file_name
bo tai lieu hoa don trong downloads di,delete_file_name
xoa folder hoa don trong downloads,delete_file_name
tim file hoa don tren desktop,find_file
kiem giup toi file hoa don tren desktop,find_file
tim tai lieu hoa don tren desktop,find_file
kiem tra file hoa don tren desktop trong may,find_file
tim thu hoa don tren desktop,find_file
mo file hoa don tren desktop,find_file
cho toi xem file hoa don tren desktop,find_file
tai lieu hoa don tren desktop nam dau,find_file
mo tai lieu hoa don tren desktop,find_file
tim dum toi ban hoa don tren desktop,find_file
xoa file hoa don tren desktop,delete_file_name
xoa tai lieu hoa don tren desktop,delete_file_name
bo file hoa don tren desktop vao thung rac,delete_file_name
delete file hoa don tren desktop,delete_file_name
xoa ban nhap hoa don tren desktop,delete_file_name
don file hoa don tren desktop,delete_file_name
remove file hoa don tren desktop,delete_file_name
go file hoa don tren desktop,delete_file_name
bo tai lieu hoa don tren desktop di,delete_file_name
xoa folder hoa don tren desktop,delete_file_name
tim file hoa don trong documents,find_file
kiem giup toi file hoa don trong documents,find_file
tim tai lieu hoa don trong documents,find_file
kiem tra file hoa don trong documents trong may,find_file
tim thu hoa don trong documents,find_file
mo file hoa don trong documents,find_file
cho toi xem file hoa don trong documents,find_file
tai lieu hoa don trong documents nam dau,find_file
mo tai lieu hoa don trong documents,find_file
tim dum toi ban hoa don trong documents,find_file
xoa file hoa don trong documents,delete_file_name
xoa tai lieu hoa don trong documents,delete_file_name
bo file hoa don trong documents vao thung rac,delete_file_name
delete file hoa don trong documents,delete_file_name
xoa ban nhap hoa don trong documents,delete_file_name
don file hoa don trong documents,delete_file_name
remove file hoa don trong documents,delete_file_name
go file hoa don trong documents,delete_file_name
bo tai lieu hoa don trong documents di,delete_file_name
xoa folder hoa don trong documents,delete_file_name
tim file hoa don tuan truoc,find_file
kiem giup toi file hoa don tuan truoc,find_file
tim tai lieu hoa don tuan truoc,find_file
kiem tra file hoa don tuan truoc trong may,find_file
tim thu hoa don tuan truoc,find_file
mo file hoa don tuan truoc,find_file
cho toi xem file hoa don tuan truoc,find_file
tai lieu hoa don tuan truoc nam dau,find_file
mo tai lieu hoa don tuan truoc,find_file
tim dum toi ban hoa don tuan truoc,find_file
xoa file hoa don tuan truoc,delete_file_name
xoa tai lieu hoa don tuan truoc,delete_file_name
bo file hoa don tuan truoc vao thung rac,delete_file_name
delete file hoa don tuan truoc,delete_file_name
xoa ban nhap hoa don tuan truoc,delete_file_name
don file hoa don tuan truoc,delete_file_name
remove file hoa don tuan truoc,delete_file_name
go file hoa don tuan truoc,delete_file_name
bo tai lieu hoa don tuan truoc di,delete_file_name
xoa folder hoa don tuan truoc,delete_file_name
tim file slide thuyet trinh,find_file
kiem giup toi file slide thuyet trinh,find_file
tim tai lieu slide thuyet trinh,find_file
kiem tra file slide thuyet trinh trong may,find_file
tim thu slide thuyet trinh,find_file
mo file slide thuyet trinh,find_file
cho toi xem file slide thuyet trinh,find_file
tai lieu slide thuyet trinh nam dau,find_file
mo tai lieu slide thuyet trinh,find_file
tim dum toi ban slide thuyet trinh,find_file
xoa file slide thuyet trinh,delete_file_name
xoa tai lieu slide thuyet trinh,delete_file_name
bo file slide thuyet trinh vao thung rac,delete_file_name
delete file slide thuyet trinh,delete_file_name
xoa ban nhap slide thuyet trinh,delete_file_name
don file slide thuyet trinh,delete_file_name
remove file slide thuyet trinh,delete_file_name
go file slide thuyet trinh,delete_file_name
bo tai lieu slide thuyet trinh di,delete_file_name
xoa folder slide thuyet trinh,delete_file_name
tim file slide thuyet trinh hom nay,find_file
kiem giup toi file slide thuyet trinh hom nay,find_file
tim tai lieu slide thuyet trinh hom nay,find_file
kiem tra file slide thuyet trinh hom nay trong may,find_file
tim thu slide thuyet trinh hom nay,find_file
mo file slide thuyet trinh hom nay,find_file
cho toi xem file slide thuyet trinh hom nay,find_file
tai lieu slide thuyet trinh hom nay nam dau,find_file
mo tai lieu slide thuyet trinh hom nay,find_file
tim dum toi ban slide thuyet trinh hom nay,find_file
xoa file slide thuyet trinh hom nay,delete_file_name
xoa tai lieu slide thuyet trinh hom nay,delete_file_name
bo file slide thuyet trinh hom nay vao thung rac,delete_file_name
delete file slide thuyet trinh hom nay,delete_file_name
xoa ban nhap slide thuyet trinh hom nay,delete_file_name
don file slide thuyet trinh hom nay,delete_file_name
remove file slide thuyet trinh hom nay,delete_file_name
go file slide thuyet trinh hom nay,delete_file_name
bo tai lieu slide thuyet trinh hom nay di,delete_file_name
xoa folder slide thuyet trinh hom nay,delete_file_name
tim file slide thuyet trinh hom qua,find_file
kiem giup toi file slide thuyet trinh hom qua,find_file
tim tai lieu slide thuyet trinh hom qua,find_file
kiem tra file slide thuyet trinh hom qua trong may,find_file
tim thu slide thuyet trinh hom qua,find_file
mo file slide thuyet trinh hom qua,find_file
cho toi xem file slide thuyet trinh hom qua,find_file
tai lieu slide thuyet trinh hom qua nam dau,find_file
mo tai lieu slide thuyet trinh hom qua,find_file
tim dum toi ban slide thuyet trinh hom qua,find_file
xoa file slide thuyet trinh hom qua,delete_file_name
xoa tai lieu slide thuyet trinh hom qua,delete_file_name
bo file slide thuyet trinh hom qua vao thung rac,delete_file_name
delete file slide thuyet trinh hom qua,delete_file_name
xoa ban nhap slide thuyet trinh hom qua,delete_file_name
don file slide thuyet trinh hom qua,delete_file_name
remove file slide thuyet trinh hom qua,delete_file_name
go file slide thuyet trinh hom qua,delete_file_name
bo tai lieu slide thuyet trinh hom qua di,delete_file_name
xoa folder slide thuyet trinh hom qua,delete_file_name
tim file slide thuyet trinh moi tai,find_file
kiem giup toi file slide thuyet trinh moi tai,find_file
tim tai lieu slide thuyet trinh moi tai,find_file
kiem tra file slide thuyet trinh moi tai trong may,find_file
tim thu slide thuyet trinh moi tai,find_file
mo file slide thuyet trinh moi tai,find_file
cho toi xem file slide thuyet trinh moi tai,find_file
tai lieu slide thuyet trinh moi tai nam dau,find_file
mo tai lieu slide thuyet trinh moi tai,find_file
tim dum toi ban slide thuyet trinh moi tai,find_file
xoa file slide thuyet trinh moi tai,delete_file_name
xoa tai lieu slide thuyet trinh moi tai,delete_file_name
bo file slide thuyet trinh moi tai vao thung rac,delete_file_name
delete file slide thuyet trinh moi tai,delete_file_name
xoa ban nhap slide thuyet trinh moi tai,delete_file_name
don file slide thuyet trinh moi tai,delete_file_name
remove file slide thuyet trinh moi tai,delete_file_name
go file slide thuyet trinh moi tai,delete_file_name
bo tai lieu slide thuyet trinh moi tai di,delete_file_name
xoa folder slide thuyet trinh moi tai,delete_file_name
tim file slide thuyet trinh thang nay,find_file
kiem giup toi file slide thuyet trinh thang nay,find_file
tim tai lieu slide thuyet trinh thang nay,find_file
kiem tra file slide thuyet trinh thang nay trong may,find_file
tim thu slide thuyet trinh thang nay,find_file
mo file slide thuyet trinh thang nay,find_file
cho toi xem file slide thuyet trinh thang nay,find_file
tai lieu slide thuyet trinh thang nay nam dau,find_file
mo tai lieu slide thuyet trinh thang nay,find_file
tim dum toi ban slide thuyet trinh thang nay,find_file
xoa file slide thuyet trinh thang nay,delete_file_name
xoa tai lieu slide thuyet trinh thang nay,delete_file_name
bo file slide thuyet trinh thang nay vao thung rac,delete_file_name
delete file slide thuyet trinh thang nay,delete_file_name
xoa ban nhap slide thuyet trinh thang nay,delete_file_name
don file slide thuyet trinh thang nay,delete_file_name
remove file slide thuyet trinh thang nay,delete_file_name
go file slide thuyet trinh thang nay,delete_file_name
bo tai lieu slide thuyet trinh thang nay di,delete_file_name
xoa folder slide thuyet trinh thang nay,delete_file_name
tim file slide thuyet trinh gan day,find_file
kiem giup toi file slide thuyet trinh gan day,find_file
tim tai lieu slide thuyet trinh gan day,find_file
kiem tra file slide thuyet trinh gan day trong may,find_file
tim thu slide thuyet trinh gan day,find_file
mo file slide thuyet trinh gan day,find_file
cho toi xem file slide thuyet trinh gan day,find_file
tai lieu slide thuyet trinh gan day nam dau,find_file
mo tai lieu slide thuyet trinh gan day,find_file
tim dum toi ban slide thuyet trinh gan day,find_file
xoa file slide thuyet trinh gan day,delete_file_name
xoa tai lieu slide thuyet trinh gan day,delete_file_name
bo file slide thuyet trinh gan day vao thung rac,delete_file_name
delete file slide thuyet trinh gan day,delete_file_name
xoa ban nhap slide thuyet trinh gan day,delete_file_name
don file slide thuyet trinh gan day,delete_file_name
remove file slide thuyet trinh gan day,delete_file_name
go file slide thuyet trinh gan day,delete_file_name
bo tai lieu slide thuyet trinh gan day di,delete_file_name
xoa folder slide thuyet trinh gan day,delete_file_name
tim file slide thuyet trinh trong downloads,find_file
kiem giup toi file slide thuyet trinh trong downloads,find_file
tim tai lieu slide thuyet trinh trong downloads,find_file
kiem tra file slide thuyet trinh trong downloads trong may,find_file
tim thu slide thuyet trinh trong downloads,find_file
mo file slide thuyet trinh trong downloads,find_file
cho toi xem file slide thuyet trinh trong downloads,find_file
tai lieu slide thuyet trinh trong downloads nam dau,find_file
mo tai lieu slide thuyet trinh trong downloads,find_file
tim dum toi ban slide thuyet trinh trong downloads,find_file
xoa file slide thuyet trinh trong downloads,delete_file_name
xoa tai lieu slide thuyet trinh trong downloads,delete_file_name
bo file slide thuyet trinh trong downloads vao thung rac,delete_file_name
delete file slide thuyet trinh trong downloads,delete_file_name
xoa ban nhap slide thuyet trinh trong downloads,delete_file_name
don file slide thuyet trinh trong downloads,delete_file_name
remove file slide thuyet trinh trong downloads,delete_file_name
go file slide thuyet trinh trong downloads,delete_file_name
bo tai lieu slide thuyet trinh trong downloads di,delete_file_name
xoa folder slide thuyet trinh trong downloads,delete_file_name
tim file slide thuyet trinh tren desktop,find_file
kiem giup toi file slide thuyet trinh tren desktop,find_file
tim tai lieu slide thuyet trinh tren desktop,find_file
kiem tra file slide thuyet trinh tren desktop trong may,find_file
tim thu slide thuyet trinh tren desktop,find_file
mo file slide thuyet trinh tren desktop,find_file
cho toi xem file slide thuyet trinh tren desktop,find_file
tai lieu slide thuyet trinh tren desktop nam dau,find_file
mo tai lieu slide thuyet trinh tren desktop,find_file
tim dum toi ban slide thuyet trinh tren desktop,find_file
xoa file slide thuyet trinh tren desktop,delete_file_name
xoa tai lieu slide thuyet trinh tren desktop,delete_file_name
bo file slide thuyet trinh tren desktop vao thung rac,delete_file_name
delete file slide thuyet trinh tren desktop,delete_file_name
xoa ban nhap slide thuyet trinh tren desktop,delete_file_name
don file slide thuyet trinh tren desktop,delete_file_name
remove file slide thuyet trinh tren desktop,delete_file_name
go file slide thuyet trinh tren desktop,delete_file_name
bo tai lieu slide thuyet trinh tren desktop di,delete_file_name
xoa folder slide thuyet trinh tren desktop,delete_file_name
tim file slide thuyet trinh trong documents,find_file
kiem giup toi file slide thuyet trinh trong documents,find_file
tim tai lieu slide thuyet trinh trong documents,find_file
kiem tra file slide thuyet trinh trong documents trong may,find_file
tim thu slide thuyet trinh trong documents,find_file
mo file slide thuyet trinh trong documents,find_file
cho toi xem file slide thuyet trinh trong documents,find_file
tai lieu slide thuyet trinh trong documents nam dau,find_file
mo tai lieu slide thuyet trinh trong documents,find_file
tim dum toi ban slide thuyet trinh trong documents,find_file
xoa file slide thuyet trinh trong documents,delete_file_name
xoa tai lieu slide thuyet trinh trong documents,delete_file_name
bo file slide thuyet trinh trong documents vao thung rac,delete_file_name
delete file slide thuyet trinh trong documents,delete_file_name
xoa ban nhap slide thuyet trinh trong documents,delete_file_name
don file slide thuyet trinh trong documents,delete_file_name
remove file slide thuyet trinh trong documents,delete_file_name
go file slide thuyet trinh trong documents,delete_file_name
bo tai lieu slide thuyet trinh trong documents di,delete_file_name
xoa folder slide thuyet trinh trong documents,delete_file_name
tim file slide thuyet trinh tuan truoc,find_file
kiem giup toi file slide thuyet trinh tuan truoc,find_file
tim tai lieu slide thuyet trinh tuan truoc,find_file
kiem tra file slide thuyet trinh tuan truoc trong may,find_file
tim thu slide thuyet trinh tuan truoc,find_file
mo file slide thuyet trinh tuan truoc,find_file
cho toi xem file slide thuyet trinh tuan truoc,find_file
tai lieu slide thuyet trinh tuan truoc nam dau,find_file
mo tai lieu slide thuyet trinh tuan truoc,find_file
tim dum toi ban slide thuyet trinh tuan truoc,find_file
xoa file slide thuyet trinh tuan truoc,delete_file_name
xoa tai lieu slide thuyet trinh tuan truoc,delete_file_name
bo file slide thuyet trinh tuan truoc vao thung rac,delete_file_name
delete file slide thuyet trinh tuan truoc,delete_file_name
xoa ban nhap slide thuyet trinh tuan truoc,delete_file_name
don file slide thuyet trinh tuan truoc,delete_file_name
remove file slide thuyet trinh tuan truoc,delete_file_name
go file slide thuyet trinh tuan truoc,delete_file_name
bo tai lieu slide thuyet trinh tuan truoc di,delete_file_name
xoa folder slide thuyet trinh tuan truoc,delete_file_name
tim file anh can cuoc,find_file
kiem giup toi file anh can cuoc,find_file
tim tai lieu anh can cuoc,find_file
kiem tra file anh can cuoc trong may,find_file
tim thu anh can cuoc,find_file
mo file anh can cuoc,find_file
cho toi xem file anh can cuoc,find_file
tai lieu anh can cuoc nam dau,find_file
mo tai lieu anh can cuoc,find_file
tim dum toi ban anh can cuoc,find_file
xoa file anh can cuoc,delete_file_name
xoa tai lieu anh can cuoc,delete_file_name
bo file anh can cuoc vao thung rac,delete_file_name
delete file anh can cuoc,delete_file_name
xoa ban nhap anh can cuoc,delete_file_name
don file anh can cuoc,delete_file_name
remove file anh can cuoc,delete_file_name
go file anh can cuoc,delete_file_name
bo tai lieu anh can cuoc di,delete_file_name
xoa folder anh can cuoc,delete_file_name
tim file anh can cuoc hom nay,find_file
kiem giup toi file anh can cuoc hom nay,find_file
tim tai lieu anh can cuoc hom nay,find_file
kiem tra file anh can cuoc hom nay trong may,find_file
tim thu anh can cuoc hom nay,find_file
mo file anh can cuoc hom nay,find_file
cho toi xem file anh can cuoc hom nay,find_file
tai lieu anh can cuoc hom nay nam dau,find_file
mo tai lieu anh can cuoc hom nay,find_file
tim dum toi ban anh can cuoc hom nay,find_file
xoa file anh can cuoc hom nay,delete_file_name
xoa tai lieu anh can cuoc hom nay,delete_file_name
bo file anh can cuoc hom nay vao thung rac,delete_file_name
delete file anh can cuoc hom nay,delete_file_name
xoa ban nhap anh can cuoc hom nay,delete_file_name
don file anh can cuoc hom nay,delete_file_name
remove file anh can cuoc hom nay,delete_file_name
go file anh can cuoc hom nay,delete_file_name
bo tai lieu anh can cuoc hom nay di,delete_file_name
xoa folder anh can cuoc hom nay,delete_file_name
tim file anh can cuoc hom qua,find_file
kiem giup toi file anh can cuoc hom qua,find_file
tim tai lieu anh can cuoc hom qua,find_file
kiem tra file anh can cuoc hom qua trong may,find_file
tim thu anh can cuoc hom qua,find_file
mo file anh can cuoc hom qua,find_file
cho toi xem file anh can cuoc hom qua,find_file
tai lieu anh can cuoc hom qua nam dau,find_file
mo tai lieu anh can cuoc hom qua,find_file
tim dum toi ban anh can cuoc hom qua,find_file
xoa file anh can cuoc hom qua,delete_file_name
xoa tai lieu anh can cuoc hom qua,delete_file_name
bo file anh can cuoc hom qua vao thung rac,delete_file_name
delete file anh can cuoc hom qua,delete_file_name
xoa ban nhap anh can cuoc hom qua,delete_file_name
don file anh can cuoc hom qua,delete_file_name
remove file anh can cuoc hom qua,delete_file_name
go file anh can cuoc hom qua,delete_file_name
bo tai lieu anh can cuoc hom qua di,delete_file_name
xoa folder anh can cuoc hom qua,delete_file_name
tim file anh can cuoc moi tai,find_file
kiem giup toi file anh can cuoc moi tai,find_file
tim tai lieu anh can cuoc moi tai,find_file
kiem tra file anh can cuoc moi tai trong may,find_file
tim thu anh can cuoc moi tai,find_file
mo file anh can cuoc moi tai,find_file
cho toi xem file anh can cuoc moi tai,find_file
tai lieu anh can cuoc moi tai nam dau,find_file
mo tai lieu anh can cuoc moi tai,find_file
tim dum toi ban anh can cuoc moi tai,find_file
xoa file anh can cuoc moi tai,delete_file_name
xoa tai lieu anh can cuoc moi tai,delete_file_name
bo file anh can cuoc moi tai vao thung rac,delete_file_name
delete file anh can cuoc moi tai,delete_file_name
xoa ban nhap anh can cuoc moi tai,delete_file_name
don file anh can cuoc moi tai,delete_file_name
remove file anh can cuoc moi tai,delete_file_name
go file anh can cuoc moi tai,delete_file_name
bo tai lieu anh can cuoc moi tai di,delete_file_name
xoa folder anh can cuoc moi tai,delete_file_name
tim file anh can cuoc thang nay,find_file
kiem giup toi file anh can cuoc thang nay,find_file
tim tai lieu anh can cuoc thang nay,find_file
kiem tra file anh can cuoc thang nay trong may,find_file
tim thu anh can cuoc thang nay,find_file
mo file anh can cuoc thang nay,find_file
cho toi xem file anh can cuoc thang nay,find_file
tai lieu anh can cuoc thang nay nam dau,find_file
mo tai lieu anh can cuoc thang nay,find_file
tim dum toi ban anh can cuoc thang nay,find_file
xoa file anh can cuoc thang nay,delete_file_name
xoa tai lieu anh can cuoc thang nay,delete_file_name
bo file anh can cuoc thang nay vao thung rac,delete_file_name
delete file anh can cuoc thang nay,delete_file_name
xoa ban nhap anh can cuoc thang nay,delete_file_name
don file anh can cuoc thang nay,delete_file_name
remove file anh can cuoc thang nay,delete_file_name
go file anh can cuoc thang nay,delete_file_name
bo tai lieu anh can cuoc thang nay di,delete_file_name
xoa folder anh can cuoc thang nay,delete_file_name
tim file anh can cuoc gan day,find_file
kiem giup toi file anh can cuoc gan day,find_file
tim tai lieu anh can cuoc gan day,find_file
kiem tra file anh can cuoc gan day trong may,find_file
tim thu anh can cuoc gan day,find_file
mo file anh can cuoc gan day,find_file
cho toi xem file anh can cuoc gan day,find_file
tai lieu anh can cuoc gan day nam dau,find_file
mo tai lieu anh can cuoc gan day,find_file
tim dum toi ban anh can cuoc gan day,find_file
xoa file anh can cuoc gan day,delete_file_name
xoa tai lieu anh can cuoc gan day,delete_file_name
bo file anh can cuoc gan day vao thung rac,delete_file_name
delete file anh can cuoc gan day,delete_file_name
xoa ban nhap anh can cuoc gan day,delete_file_name
don file anh can cuoc gan day,delete_file_name
remove file anh can cuoc gan day,delete_file_name
go file anh can cuoc gan day,delete_file_name
bo tai lieu anh can cuoc gan day di,delete_file_name
xoa folder anh can cuoc gan day,delete_file_name
tim file anh can cuoc trong downloads,find_file
kiem giup toi file anh can cuoc trong downloads,find_file
tim tai lieu anh can cuoc trong downloads,find_file
kiem tra file anh can cuoc trong downloads trong may,find_file
tim thu anh can cuoc trong downloads,find_file
mo file anh can cuoc trong downloads,find_file
cho toi xem file anh can cuoc trong downloads,find_file
tai lieu anh can cuoc trong downloads nam dau,find_file
mo tai lieu anh can cuoc trong downloads,find_file
tim dum toi ban anh can cuoc trong downloads,find_file
xoa file anh can cuoc trong downloads,delete_file_name
xoa tai lieu anh can cuoc trong downloads,delete_file_name
bo file anh can cuoc trong downloads vao thung rac,delete_file_name
delete file anh can cuoc trong downloads,delete_file_name
xoa ban nhap anh can cuoc trong downloads,delete_file_name
don file anh can cuoc trong downloads,delete_file_name
remove file anh can cuoc trong downloads,delete_file_name
go file anh can cuoc trong downloads,delete_file_name
bo tai lieu anh can cuoc trong downloads di,delete_file_name
xoa folder anh can cuoc trong downloads,delete_file_name
tim file anh can cuoc tren desktop,find_file
kiem giup toi file anh can cuoc tren desktop,find_file
tim tai lieu anh can cuoc tren desktop,find_file
kiem tra file anh can cuoc tren desktop trong may,find_file
tim thu anh can cuoc tren desktop,find_file
mo file anh can cuoc tren desktop,find_file
cho toi xem file anh can cuoc tren desktop,find_file
tai lieu anh can cuoc tren desktop nam dau,find_file
mo tai lieu anh can cuoc tren desktop,find_file
tim dum toi ban anh can cuoc tren desktop,find_file
xoa file anh can cuoc tren desktop,delete_file_name
xoa tai lieu anh can cuoc tren desktop,delete_file_name
bo file anh can cuoc tren desktop vao thung rac,delete_file_name
delete file anh can cuoc tren desktop,delete_file_name
xoa ban nhap anh can cuoc tren desktop,delete_file_name
don file anh can cuoc tren desktop,delete_file_name
remove file anh can cuoc tren desktop,delete_file_name
go file anh can cuoc tren desktop,delete_file_name
bo tai lieu anh can cuoc tren desktop di,delete_file_name
xoa folder anh can cuoc tren desktop,delete_file_name
tim file anh can cuoc trong documents,find_file
kiem giup toi file anh can cuoc trong documents,find_file
tim tai lieu anh can cuoc trong documents,find_file
kiem tra file anh can cuoc trong documents trong may,find_file
tim thu anh can cuoc trong documents,find_file
mo file anh can cuoc trong documents,find_file
cho toi xem file anh can cuoc trong documents,find_file
tai lieu anh can cuoc trong documents nam dau,find_file
mo tai lieu anh can cuoc trong documents,find_file
tim dum toi ban anh can cuoc trong documents,find_file
xoa file anh can cuoc trong documents,delete_file_name
xoa tai lieu anh can cuoc trong documents,delete_file_name
bo file anh can cuoc trong documents vao thung rac,delete_file_name
delete file anh can cuoc trong documents,delete_file_name
xoa ban nhap anh can cuoc trong documents,delete_file_name
don file anh can cuoc trong documents,delete_file_name
remove file anh can cuoc trong documents,delete_file_name
go file anh can cuoc trong documents,delete_file_name
bo tai lieu anh can cuoc trong documents di,delete_file_name
xoa folder anh can cuoc trong documents,delete_file_name
tim file anh can cuoc tuan truoc,find_file
kiem giup toi file anh can cuoc tuan truoc,find_file
tim tai lieu anh can cuoc tuan truoc,find_file
kiem tra file anh can cuoc tuan truoc trong may,find_file
tim thu anh can cuoc tuan truoc,find_file
mo file anh can cuoc tuan truoc,find_file
cho toi xem file anh can cuoc tuan truoc,find_file
tai lieu anh can cuoc tuan truoc nam dau,find_file
mo tai lieu anh can cuoc tuan truoc,find_file
tim dum toi ban anh can cuoc tuan truoc,find_file
xoa file anh can cuoc tuan truoc,delete_file_name
xoa tai lieu anh can cuoc tuan truoc,delete_file_name
bo file anh can cuoc tuan truoc vao thung rac,delete_file_name
delete file anh can cuoc tuan truoc,delete_file_name
xoa ban nhap anh can cuoc tuan truoc,delete_file_name
don file anh can cuoc tuan truoc,delete_file_name
remove file anh can cuoc tuan truoc,delete_file_name
go file anh can cuoc tuan truoc,delete_file_name
bo tai lieu anh can cuoc tuan truoc di,delete_file_name
xoa folder anh can cuoc tuan truoc,delete_file_name
tim file file test,find_file
kiem giup toi file file test,find_file
tim tai lieu file test,find_file
kiem tra file file test trong may,find_file
tim thu file test,find_file
mo file file test,find_file
cho toi xem file file test,find_file
tai lieu file test nam dau,find_file
mo tai lieu file test,find_file
tim dum toi ban file test,find_file
xoa file file test,delete_file_name
xoa tai lieu file test,delete_file_name
bo file file test vao thung rac,delete_file_name
delete file file test,delete_file_name
xoa ban nhap file test,delete_file_name
don file file test,delete_file_name
remove file file test,delete_file_name
go file file test,delete_file_name
bo tai lieu file test di,delete_file_name
xoa folder file test,delete_file_name
tim file file test hom nay,find_file
kiem giup toi file file test hom nay,find_file
tim tai lieu file test hom nay,find_file
kiem tra file file test hom nay trong may,find_file
tim thu file test hom nay,find_file
mo file file test hom nay,find_file
cho toi xem file file test hom nay,find_file
tai lieu file test hom nay nam dau,find_file
mo tai lieu file test hom nay,find_file
tim dum toi ban file test hom nay,find_file
xoa file file test hom nay,delete_file_name
xoa tai lieu file test hom nay,delete_file_name
bo file file test hom nay vao thung rac,delete_file_name
delete file file test hom nay,delete_file_name
xoa ban nhap file test hom nay,delete_file_name
don file file test hom nay,delete_file_name
remove file file test hom nay,delete_file_name
go file file test hom nay,delete_file_name
bo tai lieu file test hom nay di,delete_file_name
xoa folder file test hom nay,delete_file_name
tim file file test hom qua,find_file
kiem giup toi file file test hom qua,find_file
tim tai lieu file test hom qua,find_file
kiem tra file file test hom qua trong may,find_file
tim thu file test hom qua,find_file
mo file file test hom qua,find_file
cho toi xem file file test hom qua,find_file
tai lieu file test hom qua nam dau,find_file
mo tai lieu file test hom qua,find_file
tim dum toi ban file test hom qua,find_file
xoa file file test hom qua,delete_file_name
xoa tai lieu file test hom qua,delete_file_name
bo file file test hom qua vao thung rac,delete_file_name
delete file file test hom qua,delete_file_name
xoa ban nhap file test hom qua,delete_file_name
don file file test hom qua,delete_file_name
remove file file test hom qua,delete_file_name
go file file test hom qua,delete_file_name
bo tai lieu file test hom qua di,delete_file_name
xoa folder file test hom qua,delete_file_name
tim file file test moi tai,find_file
kiem giup toi file file test moi tai,find_file
tim tai lieu file test moi tai,find_file
kiem tra file file test moi tai trong may,find_file
tim thu file test moi tai,find_file
mo file file test moi tai,find_file
cho toi xem file file test moi tai,find_file
tai lieu file test moi tai nam dau,find_file
mo tai lieu file test moi tai,find_file
tim dum toi ban file test moi tai,find_file
xoa file file test moi tai,delete_file_name
xoa tai lieu file test moi tai,delete_file_name
bo file file test moi tai vao thung rac,delete_file_name
delete file file test moi tai,delete_file_name
xoa ban nhap file test moi tai,delete_file_name
don file file test moi tai,delete_file_name
remove file file test moi tai,delete_file_name
go file file test moi tai,delete_file_name
bo tai lieu file test moi tai di,delete_file_name
xoa folder file test moi tai,delete_file_name
tim file file test thang nay,find_file
kiem giup toi file file test thang nay,find_file
tim tai lieu file test thang nay,find_file
kiem tra file file test thang nay trong may,find_file
tim thu file test thang nay,find_file
mo file file test thang nay,find_file
cho toi xem file file test thang nay,find_file
tai lieu file test thang nay nam dau,find_file
mo tai lieu file test thang nay,find_file
tim dum toi ban file test thang nay,find_file
xoa file file test thang nay,delete_file_name
xoa tai lieu file test thang nay,delete_file_name
bo file file test thang nay vao thung rac,delete_file_name
delete file file test thang nay,delete_file_name
xoa ban nhap file test thang nay,delete_file_name
don file file test thang nay,delete_file_name
remove file file test thang nay,delete_file_name
go file file test thang nay,delete_file_name
bo tai lieu file test thang nay di,delete_file_name
xoa folder file test thang nay,delete_file_name
tim file file test gan day,find_file
kiem giup toi file file test gan day,find_file
tim tai lieu file test gan day,find_file
kiem tra file file test gan day trong may,find_file
tim thu file test gan day,find_file
mo file file test gan day,find_file
cho toi xem file file test gan day,find_file
tai lieu file test gan day nam dau,find_file
mo tai lieu file test gan day,find_file
tim dum toi ban file test gan day,find_file
xoa file file test gan day,delete_file_name
xoa tai lieu file test gan day,delete_file_name
bo file file test gan day vao thung rac,delete_file_name
delete file file test gan day,delete_file_name
xoa ban nhap file test gan day,delete_file_name
don file file test gan day,delete_file_name
remove file file test gan day,delete_file_name
go file file test gan day,delete_file_name
bo tai lieu file test gan day di,delete_file_name
xoa folder file test gan day,delete_file_name
tim file file test trong downloads,find_file
kiem giup toi file file test trong downloads,find_file
tim tai lieu file test trong downloads,find_file
kiem tra file file test trong downloads trong may,find_file
tim thu file test trong downloads,find_file
mo file file test trong downloads,find_file
cho toi xem file file test trong downloads,find_file
tai lieu file test trong downloads nam dau,find_file
mo tai lieu file test trong downloads,find_file
tim dum toi ban file test trong downloads,find_file
xoa file file test trong downloads,delete_file_name
xoa tai lieu file test trong downloads,delete_file_name
bo file file test trong downloads vao thung rac,delete_file_name
delete file file test trong downloads,delete_file_name
xoa ban nhap file test trong downloads,delete_file_name
don file file test trong downloads,delete_file_name
remove file file test trong downloads,delete_file_name
go file file test trong downloads,delete_file_name
bo tai lieu file test trong downloads di,delete_file_name
xoa folder file test trong downloads,delete_file_name
tim file file test tren desktop,find_file
kiem giup toi file file test tren desktop,find_file
tim tai lieu file test tren desktop,find_file
kiem tra file file test tren desktop trong may,find_file
tim thu file test tren desktop,find_file
mo file file test tren desktop,find_file
cho toi xem file file test tren desktop,find_file
tai lieu file test tren desktop nam dau,find_file
mo tai lieu file test tren desktop,find_file
tim dum toi ban file test tren desktop,find_file
xoa file file test tren desktop,delete_file_name
xoa tai lieu file test tren desktop,delete_file_name
bo file file test tren desktop vao thung rac,delete_file_name
delete file file test tren desktop,delete_file_name
xoa ban nhap file test tren desktop,delete_file_name
don file file test tren desktop,delete_file_name
remove file file test tren desktop,delete_file_name
go file file test tren desktop,delete_file_name
bo tai lieu file test tren desktop di,delete_file_name
xoa folder file test tren desktop,delete_file_name
tim file file test trong documents,find_file
kiem giup toi file file test trong documents,find_file
tim tai lieu file test trong documents,find_file
kiem tra file file test trong documents trong may,find_file
tim thu file test trong documents,find_file
mo file file test trong documents,find_file
cho toi xem file file test trong documents,find_file
tai lieu file test trong documents nam dau,find_file
mo tai lieu file test trong documents,find_file
tim dum toi ban file test trong documents,find_file
xoa file file test trong documents,delete_file_name
xoa tai lieu file test trong documents,delete_file_name
bo file file test trong documents vao thung rac,delete_file_name
delete file file test trong documents,delete_file_name
xoa ban nhap file test trong documents,delete_file_name
don file file test trong documents,delete_file_name
remove file file test trong documents,delete_file_name
go file file test trong documents,delete_file_name
bo tai lieu file test trong documents di,delete_file_name
xoa folder file test trong documents,delete_file_name
tim file file test tuan truoc,find_file
kiem giup toi file file test tuan truoc,find_file
tim tai lieu file test tuan truoc,find_file
kiem tra file file test tuan truoc trong may,find_file
tim thu file test tuan truoc,find_file
mo file file test tuan truoc,find_file
cho toi xem file file test tuan truoc,find_file
tai lieu file test tuan truoc nam dau,find_file
mo tai lieu file test tuan truoc,find_file
tim dum toi ban file test tuan truoc,find_file
xoa file file test tuan truoc,delete_file_name
xoa tai lieu file test tuan truoc,delete_file_name
bo file file test tuan truoc vao thung rac,delete_file_name
delete file file test tuan truoc,delete_file_name
xoa ban nhap file test tuan truoc,delete_file_name
don file file test tuan truoc,delete_file_name
remove file file test tuan truoc,delete_file_name
go file file test tuan truoc,delete_file_name
bo tai lieu file test tuan truoc di,delete_file_name
xoa folder file test tuan truoc,delete_file_name
tim file tai lieu du an,find_file
kiem giup toi file tai lieu du an,find_file
tim tai lieu tai lieu du an,find_file
kiem tra file tai lieu du an trong may,find_file
tim thu tai lieu du an,find_file
mo file tai lieu du an,find_file
cho toi xem file tai lieu du an,find_file
tai lieu tai lieu du an nam dau,find_file
mo tai lieu tai lieu du an,find_file
tim dum toi ban tai lieu du an,find_file
xoa file tai lieu du an,delete_file_name
xoa tai lieu tai lieu du an,delete_file_name
bo file tai lieu du an vao thung rac,delete_file_name
delete file tai lieu du an,delete_file_name
xoa ban nhap tai lieu du an,delete_file_name
don file tai lieu du an,delete_file_name
remove file tai lieu du an,delete_file_name
go file tai lieu du an,delete_file_name
bo tai lieu tai lieu du an di,delete_file_name
xoa folder tai lieu du an,delete_file_name
tim file tai lieu du an hom nay,find_file
kiem giup toi file tai lieu du an hom nay,find_file
tim tai lieu tai lieu du an hom nay,find_file
kiem tra file tai lieu du an hom nay trong may,find_file
tim thu tai lieu du an hom nay,find_file
mo file tai lieu du an hom nay,find_file
cho toi xem file tai lieu du an hom nay,find_file
tai lieu tai lieu du an hom nay nam dau,find_file
mo tai lieu tai lieu du an hom nay,find_file
tim dum toi ban tai lieu du an hom nay,find_file
xoa file tai lieu du an hom nay,delete_file_name
xoa tai lieu tai lieu du an hom nay,delete_file_name
bo file tai lieu du an hom nay vao thung rac,delete_file_name
delete file tai lieu du an hom nay,delete_file_name
xoa ban nhap tai lieu du an hom nay,delete_file_name
don file tai lieu du an hom nay,delete_file_name
remove file tai lieu du an hom nay,delete_file_name
go file tai lieu du an hom nay,delete_file_name
bo tai lieu tai lieu du an hom nay di,delete_file_name
xoa folder tai lieu du an hom nay,delete_file_name
tim file tai lieu du an hom qua,find_file
kiem giup toi file tai lieu du an hom qua,find_file
tim tai lieu tai lieu du an hom qua,find_file
kiem tra file tai lieu du an hom qua trong may,find_file
tim thu tai lieu du an hom qua,find_file
mo file tai lieu du an hom qua,find_file
cho toi xem file tai lieu du an hom qua,find_file
tai lieu tai lieu du an hom qua nam dau,find_file
mo tai lieu tai lieu du an hom qua,find_file
tim dum toi ban tai lieu du an hom qua,find_file
xoa file tai lieu du an hom qua,delete_file_name
xoa tai lieu tai lieu du an hom qua,delete_file_name
bo file tai lieu du an hom qua vao thung rac,delete_file_name
delete file tai lieu du an hom qua,delete_file_name
xoa ban nhap tai lieu du an hom qua,delete_file_name
don file tai lieu du an hom qua,delete_file_name
remove file tai lieu du an hom qua,delete_file_name
go file tai lieu du an hom qua,delete_file_name
bo tai lieu tai lieu du an hom qua di,delete_file_name
xoa folder tai lieu du an hom qua,delete_file_name
tim file tai lieu du an moi tai,find_file
kiem giup toi file tai lieu du an moi tai,find_file
tim tai lieu tai lieu du an moi tai,find_file
kiem tra file tai lieu du an moi tai trong may,find_file
tim thu tai lieu du an moi tai,find_file
mo file tai lieu du an moi tai,find_file
cho toi xem file tai lieu du an moi tai,find_file
tai lieu tai lieu du an moi tai nam dau,find_file
mo tai lieu tai lieu du an moi tai,find_file
tim dum toi ban tai lieu du an moi tai,find_file
xoa file tai lieu du an moi tai,delete_file_name
xoa tai lieu tai lieu du an moi tai,delete_file_name
bo file tai lieu du an moi tai vao thung rac,delete_file_name
delete file tai lieu du an moi tai,delete_file_name
xoa ban nhap tai lieu du an moi tai,delete_file_name
don file tai lieu du an moi tai,delete_file_name
remove file tai lieu du an moi tai,delete_file_name
go file tai lieu du an moi tai,delete_file_name
bo tai lieu tai lieu du an moi tai di,delete_file_name
xoa folder tai lieu du an moi tai,delete_file_name
tim file tai lieu du an thang nay,find_file
kiem giup toi file tai lieu du an thang nay,find_file
tim tai lieu tai lieu du an thang nay,find_file
kiem tra file tai lieu du an thang nay trong may,find_file
tim thu tai lieu du an thang nay,find_file
mo file tai lieu du an thang nay,find_file
cho toi xem file tai lieu du an thang nay,find_file
tai lieu tai lieu du an thang nay nam dau,find_file
mo tai lieu tai lieu du an thang nay,find_file
tim dum toi ban tai lieu du an thang nay,find_file
xoa file tai lieu du an thang nay,delete_file_name
xoa tai lieu tai lieu du an thang nay,delete_file_name
bo file tai lieu du an thang nay vao thung rac,delete_file_name
delete file tai lieu du an thang nay,delete_file_name
xoa ban nhap tai lieu du an thang nay,delete_file_name
don file tai lieu du an thang nay,delete_file_name
remove file tai lieu du an thang nay,delete_file_name
go file tai lieu du an thang nay,delete_file_name
bo tai lieu tai lieu du an thang nay di,delete_file_name
xoa folder tai lieu du an thang nay,delete_file_name
tim file tai lieu du an gan day,find_file
kiem giup toi file tai lieu du an gan day,find_file
tim tai lieu tai lieu du an gan day,find_file
kiem tra file tai lieu du an gan day trong may,find_file
tim thu tai lieu du an gan day,find_file
mo file tai lieu du an gan day,find_file
cho toi xem file tai lieu du an gan day,find_file
tai lieu tai lieu du an gan day nam dau,find_file
mo tai lieu tai lieu du an gan day,find_file
tim dum toi ban tai lieu du an gan day,find_file
xoa file tai lieu du an gan day,delete_file_name
xoa tai lieu tai lieu du an gan day,delete_file_name
bo file tai lieu du an gan day vao thung rac,delete_file_name
delete file tai lieu du an gan day,delete_file_name
xoa ban nhap tai lieu du an gan day,delete_file_name
don file tai lieu du an gan day,delete_file_name
remove file tai lieu du an gan day,delete_file_name
go file tai lieu du an gan day,delete_file_name
bo tai lieu tai lieu du an gan day di,delete_file_name
xoa folder tai lieu du an gan day,delete_file_name
tim file tai lieu du an trong downloads,find_file
kiem giup toi file tai lieu du an trong downloads,find_file
tim tai lieu tai lieu du an trong downloads,find_file
kiem tra file tai lieu du an trong downloads trong may,find_file
tim thu tai lieu du an trong downloads,find_file
mo file tai lieu du an trong downloads,find_file
cho toi xem file tai lieu du an trong downloads,find_file
tai lieu tai lieu du an trong downloads nam dau,find_file
mo tai lieu tai lieu du an trong downloads,find_file
tim dum toi ban tai lieu du an trong downloads,find_file
xoa file tai lieu du an trong downloads,delete_file_name
xoa tai lieu tai lieu du an trong downloads,delete_file_name
bo file tai lieu du an trong downloads vao thung rac,delete_file_name
delete file tai lieu du an trong downloads,delete_file_name
xoa ban nhap tai lieu du an trong downloads,delete_file_name
don file tai lieu du an trong downloads,delete_file_name
remove file tai lieu du an trong downloads,delete_file_name
go file tai lieu du an trong downloads,delete_file_name
bo tai lieu tai lieu du an trong downloads di,delete_file_name
xoa folder tai lieu du an trong downloads,delete_file_name
tim file tai lieu du an tren desktop,find_file
kiem giup toi file tai lieu du an tren desktop,find_file
tim tai lieu tai lieu du an tren desktop,find_file
kiem tra file tai lieu du an tren desktop trong may,find_file
tim thu tai lieu du an tren desktop,find_file
mo file tai lieu du an tren desktop,find_file
cho toi xem file tai lieu du an tren desktop,find_file
tai lieu tai lieu du an tren desktop nam dau,find_file
mo tai lieu tai lieu du an tren desktop,find_file
tim dum toi ban tai lieu du an tren desktop,find_file
xoa file tai lieu du an tren desktop,delete_file_name
xoa tai lieu tai lieu du an tren desktop,delete_file_name
bo file tai lieu du an tren desktop vao thung rac,delete_file_name
delete file tai lieu du an tren desktop,delete_file_name
xoa ban nhap tai lieu du an tren desktop,delete_file_name
don file tai lieu du an tren desktop,delete_file_name
remove file tai lieu du an tren desktop,delete_file_name
go file tai lieu du an tren desktop,delete_file_name
bo tai lieu tai lieu du an tren desktop di,delete_file_name
xoa folder tai lieu du an tren desktop,delete_file_name
tim file tai lieu du an trong documents,find_file
kiem giup toi file tai lieu du an trong documents,find_file
tim tai lieu tai lieu du an trong documents,find_file
kiem tra file tai lieu du an trong documents trong may,find_file
tim thu tai lieu du an trong documents,find_file
mo file tai lieu du an trong documents,find_file
cho toi xem file tai lieu du an trong documents,find_file
tai lieu tai lieu du an trong documents nam dau,find_file
mo tai lieu tai lieu du an trong documents,find_file
tim dum toi ban tai lieu du an trong documents,find_file
xoa file tai lieu du an trong documents,delete_file_name
xoa tai lieu tai lieu du an trong documents,delete_file_name
bo file tai lieu du an trong documents vao thung rac,delete_file_name
delete file tai lieu du an trong documents,delete_file_name
xoa ban nhap tai lieu du an trong documents,delete_file_name
don file tai lieu du an trong documents,delete_file_name
remove file tai lieu du an trong documents,delete_file_name
go file tai lieu du an trong documents,delete_file_name
bo tai lieu tai lieu du an trong documents di,delete_file_name
xoa folder tai lieu du an trong documents,delete_file_name
tim file tai lieu du an tuan truoc,find_file
kiem giup toi file tai lieu du an tuan truoc,find_file
tim tai lieu tai lieu du an tuan truoc,find_file
kiem tra file tai lieu du an tuan truoc trong may,find_file
tim thu tai lieu du an tuan truoc,find_file
mo file tai lieu du an tuan truoc,find_file
cho toi xem file tai lieu du an tuan truoc,find_file
tai lieu tai lieu du an tuan truoc nam dau,find_file
mo tai lieu tai lieu du an tuan truoc,find_file
tim dum toi ban tai lieu du an tuan truoc,find_file
xoa file tai lieu du an tuan truoc,delete_file_name
xoa tai lieu tai lieu du an tuan truoc,delete_file_name
bo file tai lieu du an tuan truoc vao thung rac,delete_file_name
delete file tai lieu du an tuan truoc,delete_file_name
xoa ban nhap tai lieu du an tuan truoc,delete_file_name
don file tai lieu du an tuan truoc,delete_file_name
remove file tai lieu du an tuan truoc,delete_file_name
go file tai lieu du an tuan truoc,delete_file_name
bo tai lieu tai lieu du an tuan truoc di,delete_file_name
xoa folder tai lieu du an tuan truoc,delete_file_name
tim file bang luong,find_file
kiem giup toi file bang luong,find_file
tim tai lieu bang luong,find_file
kiem tra file bang luong trong may,find_file
tim thu bang luong,find_file
mo file bang luong,find_file
cho toi xem file bang luong,find_file
tai lieu bang luong nam dau,find_file
mo tai lieu bang luong,find_file
tim dum toi ban bang luong,find_file
xoa file bang luong,delete_file_name
xoa tai lieu bang luong,delete_file_name
bo file bang luong vao thung rac,delete_file_name
delete file bang luong,delete_file_name
xoa ban nhap bang luong,delete_file_name
don file bang luong,delete_file_name
remove file bang luong,delete_file_name
go file bang luong,delete_file_name
bo tai lieu bang luong di,delete_file_name
xoa folder bang luong,delete_file_name
tim file bang luong hom nay,find_file
kiem giup toi file bang luong hom nay,find_file
tim tai lieu bang luong hom nay,find_file
kiem tra file bang luong hom nay trong may,find_file
tim thu bang luong hom nay,find_file
mo file bang luong hom nay,find_file
cho toi xem file bang luong hom nay,find_file
tai lieu bang luong hom nay nam dau,find_file
mo tai lieu bang luong hom nay,find_file
tim dum toi ban bang luong hom nay,find_file
xoa file bang luong hom nay,delete_file_name
xoa tai lieu bang luong hom nay,delete_file_name
bo file bang luong hom nay vao thung rac,delete_file_name
delete file bang luong hom nay,delete_file_name
xoa ban nhap bang luong hom nay,delete_file_name
don file bang luong hom nay,delete_file_name
remove file bang luong hom nay,delete_file_name
go file bang luong hom nay,delete_file_name
bo tai lieu bang luong hom nay di,delete_file_name
xoa folder bang luong hom nay,delete_file_name
tim file bang luong hom qua,find_file
kiem giup toi file bang luong hom qua,find_file
tim tai lieu bang luong hom qua,find_file
kiem tra file bang luong hom qua trong may,find_file
tim thu bang luong hom qua,find_file
mo file bang luong hom qua,find_file
cho toi xem file bang luong hom qua,find_file
tai lieu bang luong hom qua nam dau,find_file
mo tai lieu bang luong hom qua,find_file
tim dum toi ban bang luong hom qua,find_file
xoa file bang luong hom qua,delete_file_name
xoa tai lieu bang luong hom qua,delete_file_name
bo file bang luong hom qua vao thung rac,delete_file_name
delete file bang luong hom qua,delete_file_name
xoa ban nhap bang luong hom qua,delete_file_name
don file bang luong hom qua,delete_file_name
remove file bang luong hom qua,delete_file_name
go file bang luong hom qua,delete_file_name
bo tai lieu bang luong hom qua di,delete_file_name
xoa folder bang luong hom qua,delete_file_name
tim file bang luong moi tai,find_file
kiem giup toi file bang luong moi tai,find_file
tim tai lieu bang luong moi tai,find_file
kiem tra file bang luong moi tai trong may,find_file
tim thu bang luong moi tai,find_file
mo file bang luong moi tai,find_file
cho toi xem file bang luong moi tai,find_file
tai lieu bang luong moi tai nam dau,find_file
mo tai lieu bang luong moi tai,find_file
tim dum toi ban bang luong moi tai,find_file
xoa file bang luong moi tai,delete_file_name
xoa tai lieu bang luong moi tai,delete_file_name
bo file bang luong moi tai vao thung rac,delete_file_name
delete file bang luong moi tai,delete_file_name
xoa ban nhap bang luong moi tai,delete_file_name
don file bang luong moi tai,delete_file_name
remove file bang luong moi tai,delete_file_name
go file bang luong moi tai,delete_file_name
bo tai lieu bang luong moi tai di,delete_file_name
xoa folder bang luong moi tai,delete_file_name
tim file bang luong thang nay,find_file
kiem giup toi file bang luong thang nay,find_file
tim tai lieu bang luong thang nay,find_file
kiem tra file bang luong thang nay trong may,find_file
tim thu bang luong thang nay,find_file
mo file bang luong thang nay,find_file
cho toi xem file bang luong thang nay,find_file
tai lieu bang luong thang nay nam dau,find_file
mo tai lieu bang luong thang nay,find_file
tim dum toi ban bang luong thang nay,find_file
xoa file bang luong thang nay,delete_file_name
xoa tai lieu bang luong thang nay,delete_file_name
bo file bang luong thang nay vao thung rac,delete_file_name
delete file bang luong thang nay,delete_file_name
xoa ban nhap bang luong thang nay,delete_file_name
don file bang luong thang nay,delete_file_name
remove file bang luong thang nay,delete_file_name
go file bang luong thang nay,delete_file_name
bo tai lieu bang luong thang nay di,delete_file_name
xoa folder bang luong thang nay,delete_file_name
tim file bang luong gan day,find_file
kiem giup toi file bang luong gan day,find_file
tim tai lieu bang luong gan day,find_file
kiem tra file bang luong gan day trong may,find_file
tim thu bang luong gan day,find_file
mo file bang luong gan day,find_file
cho toi xem file bang luong gan day,find_file
tai lieu bang luong gan day nam dau,find_file
mo tai lieu bang luong gan day,find_file
tim dum toi ban bang luong gan day,find_file
xoa file bang luong gan day,delete_file_name
xoa tai lieu bang luong gan day,delete_file_name
bo file bang luong gan day vao thung rac,delete_file_name
delete file bang luong gan day,delete_file_name
xoa ban nhap bang luong gan day,delete_file_name
don file bang luong gan day,delete_file_name
remove file bang luong gan day,delete_file_name
go file bang luong gan day,delete_file_name
bo tai lieu bang luong gan day di,delete_file_name
xoa folder bang luong gan day,delete_file_name
tim file bang luong trong downloads,find_file
kiem giup toi file bang luong trong downloads,find_file
tim tai lieu bang luong trong downloads,find_file
kiem tra file bang luong trong downloads trong may,find_file
tim thu bang luong trong downloads,find_file
mo file bang luong trong downloads,find_file
cho toi xem file bang luong trong downloads,find_file
tai lieu bang luong trong downloads nam dau,find_file
mo tai lieu bang luong trong downloads,find_file
tim dum toi ban bang luong trong downloads,find_file
xoa file bang luong trong downloads,delete_file_name
xoa tai lieu bang luong trong downloads,delete_file_name
bo file bang luong trong downloads vao thung rac,delete_file_name
delete file bang luong trong downloads,delete_file_name
xoa ban nhap bang luong trong downloads,delete_file_name
don file bang luong trong downloads,delete_file_name
remove file bang luong trong downloads,delete_file_name
go file bang luong trong downloads,delete_file_name
bo tai lieu bang luong trong downloads di,delete_file_name
xoa folder bang luong trong downloads,delete_file_name
tim file bang luong tren desktop,find_file
kiem giup toi file bang luong tren desktop,find_file
tim tai lieu bang luong tren desktop,find_file
kiem tra file bang luong tren desktop trong may,find_file
tim thu bang luong tren desktop,find_file
mo file bang luong tren desktop,find_file
cho toi xem file bang luong tren desktop,find_file
tai lieu bang luong tren desktop nam dau,find_file
mo tai lieu bang luong tren desktop,find_file
tim dum toi ban bang luong tren desktop,find_file
xoa file bang luong tren desktop,delete_file_name
xoa tai lieu bang luong tren desktop,delete_file_name
bo file bang luong tren desktop vao thung rac,delete_file_name
delete file bang luong tren desktop,delete_file_name
xoa ban nhap bang luong tren desktop,delete_file_name
don file bang luong tren desktop,delete_file_name
remove file bang luong tren desktop,delete_file_name
go file bang luong tren desktop,delete_file_name
bo tai lieu bang luong tren desktop di,delete_file_name
xoa folder bang luong tren desktop,delete_file_name
tim file bang luong trong documents,find_file
kiem giup toi file bang luong trong documents,find_file
tim tai lieu bang luong trong documents,find_file
kiem tra file bang luong trong documents trong may,find_file
tim thu bang luong trong documents,find_file
mo file bang luong trong documents,find_file
cho toi xem file bang luong trong documents,find_file
tai lieu bang luong trong documents nam dau,find_file
mo tai lieu bang luong trong documents,find_file
tim dum toi ban bang luong trong documents,find_file
xoa file bang luong trong documents,delete_file_name
xoa tai lieu bang luong trong documents,delete_file_name
bo file bang luong trong documents vao thung rac,delete_file_name
delete file bang luong trong documents,delete_file_name
xoa ban nhap bang luong trong documents,delete_file_name
don file bang luong trong documents,delete_file_name
remove file bang luong trong documents,delete_file_name
go file bang luong trong documents,delete_file_name
bo tai lieu bang luong trong documents di,delete_file_name
xoa folder bang luong trong documents,delete_file_name
tim file bang luong tuan truoc,find_file
kiem giup toi file bang luong tuan truoc,find_file
tim tai lieu bang luong tuan truoc,find_file
kiem tra file bang luong tuan truoc trong may,find_file
tim thu bang luong tuan truoc,find_file
mo file bang luong tuan truoc,find_file
cho toi xem file bang luong tuan truoc,find_file
tai lieu bang luong tuan truoc nam dau,find_file
mo tai lieu bang luong tuan truoc,find_file
tim dum toi ban bang luong tuan truoc,find_file
xoa file bang luong tuan truoc,delete_file_name
xoa tai lieu bang luong tuan truoc,delete_file_name
bo file bang luong tuan truoc vao thung rac,delete_file_name
delete file bang luong tuan truoc,delete_file_name
xoa ban nhap bang luong tuan truoc,delete_file_name
don file bang luong tuan truoc,delete_file_name
remove file bang luong tuan truoc,delete_file_name
go file bang luong tuan truoc,delete_file_name
bo tai lieu bang luong tuan truoc di,delete_file_name
xoa folder bang luong tuan truoc,delete_file_name
copy file bao cao sang desktop,copy_entry
sao chep file bao cao qua desktop,copy_entry
chep tai lieu bao cao vao desktop,copy_entry
copy tai lieu bao cao den desktop,copy_entry
chep file bao cao qua thu muc desktop,copy_entry
nhan ban file bao cao qua desktop,copy_entry
sao chep bao cao vao folder desktop,copy_entry
di chuyen file bao cao sang desktop,move_entry
chuyen tai lieu bao cao qua desktop,move_entry
move file bao cao vao desktop,move_entry
dua file bao cao sang desktop,move_entry
chuyen bao cao sang desktop,move_entry
di chuyen tai lieu bao cao qua desktop,move_entry
doi file bao cao qua desktop,move_entry
copy file bao cao sang downloads,copy_entry
sao chep file bao cao qua downloads,copy_entry
chep tai lieu bao cao vao downloads,copy_entry
copy tai lieu bao cao den downloads,copy_entry
chep file bao cao qua thu muc downloads,copy_entry
nhan ban file bao cao qua downloads,copy_entry
sao chep bao cao vao folder downloads,copy_entry
di chuyen file bao cao sang downloads,move_entry
chuyen tai lieu bao cao qua downloads,move_entry
move file bao cao vao downloads,move_entry
dua file bao cao sang downloads,move_entry
chuyen bao cao sang downloads,move_entry
di chuyen tai lieu bao cao qua downloads,move_entry
doi file bao cao qua downloads,move_entry
copy file bao cao sang documents,copy_entry
sao chep file bao cao qua documents,copy_entry
chep tai lieu bao cao vao documents,copy_entry
copy tai lieu bao cao den documents,copy_entry
chep file bao cao qua thu muc documents,copy_entry
nhan ban file bao cao qua documents,copy_entry
sao chep bao cao vao folder documents,copy_entry
di chuyen file bao cao sang documents,move_entry
chuyen tai lieu bao cao qua documents,move_entry
move file bao cao vao documents,move_entry
dua file bao cao sang documents,move_entry
chuyen bao cao sang documents,move_entry
di chuyen tai lieu bao cao qua documents,move_entry
doi file bao cao qua documents,move_entry
copy file bao cao sang o d,copy_entry
sao chep file bao cao qua o d,copy_entry
chep tai lieu bao cao vao o d,copy_entry
copy tai lieu bao cao den o d,copy_entry
chep file bao cao qua thu muc o d,copy_entry
nhan ban file bao cao qua o d,copy_entry
sao chep bao cao vao folder o d,copy_entry
di chuyen file bao cao sang o d,move_entry
chuyen tai lieu bao cao qua o d,move_entry
move file bao cao vao o d,move_entry
dua file bao cao sang o d,move_entry
chuyen bao cao sang o d,move_entry
di chuyen tai lieu bao cao qua o d,move_entry
doi file bao cao qua o d,move_entry
copy file bao cao sang thu muc du an,copy_entry
sao chep file bao cao qua thu muc du an,copy_entry
chep tai lieu bao cao vao thu muc du an,copy_entry
copy tai lieu bao cao den thu muc du an,copy_entry
chep file bao cao qua thu muc thu muc du an,copy_entry
nhan ban file bao cao qua thu muc du an,copy_entry
sao chep bao cao vao folder thu muc du an,copy_entry
di chuyen file bao cao sang thu muc du an,move_entry
chuyen tai lieu bao cao qua thu muc du an,move_entry
move file bao cao vao thu muc du an,move_entry
dua file bao cao sang thu muc du an,move_entry
chuyen bao cao sang thu muc du an,move_entry
di chuyen tai lieu bao cao qua thu muc du an,move_entry
doi file bao cao qua thu muc du an,move_entry
copy file bao cao sang man hinh chinh,copy_entry
sao chep file bao cao qua man hinh chinh,copy_entry
chep tai lieu bao cao vao man hinh chinh,copy_entry
copy tai lieu bao cao den man hinh chinh,copy_entry
chep file bao cao qua thu muc man hinh chinh,copy_entry
nhan ban file bao cao qua man hinh chinh,copy_entry
sao chep bao cao vao folder man hinh chinh,copy_entry
di chuyen file bao cao sang man hinh chinh,move_entry
chuyen tai lieu bao cao qua man hinh chinh,move_entry
move file bao cao vao man hinh chinh,move_entry
dua file bao cao sang man hinh chinh,move_entry
chuyen bao cao sang man hinh chinh,move_entry
di chuyen tai lieu bao cao qua man hinh chinh,move_entry
doi file bao cao qua man hinh chinh,move_entry
copy file bao cao sang folder du an,copy_entry
sao chep file bao cao qua folder du an,copy_entry
chep tai lieu bao cao vao folder du an,copy_entry
copy tai lieu bao cao den folder du an,copy_entry
chep file bao cao qua thu muc folder du an,copy_entry
nhan ban file bao cao qua folder du an,copy_entry
sao chep bao cao vao folder folder du an,copy_entry
di chuyen file bao cao sang folder du an,move_entry
chuyen tai lieu bao cao qua folder du an,move_entry
move file bao cao vao folder du an,move_entry
dua file bao cao sang folder du an,move_entry
chuyen bao cao sang folder du an,move_entry
di chuyen tai lieu bao cao qua folder du an,move_entry
doi file bao cao qua folder du an,move_entry
copy file hop dong sang desktop,copy_entry
sao chep file hop dong qua desktop,copy_entry
chep tai lieu hop dong vao desktop,copy_entry
copy tai lieu hop dong den desktop,copy_entry
chep file hop dong qua thu muc desktop,copy_entry
nhan ban file hop dong qua desktop,copy_entry
sao chep hop dong vao folder desktop,copy_entry
di chuyen file hop dong sang desktop,move_entry
chuyen tai lieu hop dong qua desktop,move_entry
move file hop dong vao desktop,move_entry
dua file hop dong sang desktop,move_entry
chuyen hop dong sang desktop,move_entry
di chuyen tai lieu hop dong qua desktop,move_entry
doi file hop dong qua desktop,move_entry
copy file hop dong sang downloads,copy_entry
sao chep file hop dong qua downloads,copy_entry
chep tai lieu hop dong vao downloads,copy_entry
copy tai lieu hop dong den downloads,copy_entry
chep file hop dong qua thu muc downloads,copy_entry
nhan ban file hop dong qua downloads,copy_entry
sao chep hop dong vao folder downloads,copy_entry
di chuyen file hop dong sang downloads,move_entry
chuyen tai lieu hop dong qua downloads,move_entry
move file hop dong vao downloads,move_entry
dua file hop dong sang downloads,move_entry
chuyen hop dong sang downloads,move_entry
di chuyen tai lieu hop dong qua downloads,move_entry
doi file hop dong qua downloads,move_entry
copy file hop dong sang documents,copy_entry
sao chep file hop dong qua documents,copy_entry
chep tai lieu hop dong vao documents,copy_entry
copy tai lieu hop dong den documents,copy_entry
chep file hop dong qua thu muc documents,copy_entry
nhan ban file hop dong qua documents,copy_entry
sao chep hop dong vao folder documents,copy_entry
di chuyen file hop dong sang documents,move_entry
chuyen tai lieu hop dong qua documents,move_entry
move file hop dong vao documents,move_entry
dua file hop dong sang documents,move_entry
chuyen hop dong sang documents,move_entry
di chuyen tai lieu hop dong qua documents,move_entry
doi file hop dong qua documents,move_entry
copy file hop dong sang o d,copy_entry
sao chep file hop dong qua o d,copy_entry
chep tai lieu hop dong vao o d,copy_entry
copy tai lieu hop dong den o d,copy_entry
chep file hop dong qua thu muc o d,copy_entry
nhan ban file hop dong qua o d,copy_entry
sao chep hop dong vao folder o d,copy_entry
di chuyen file hop dong sang o d,move_entry
chuyen tai lieu hop dong qua o d,move_entry
move file hop dong vao o d,move_entry
dua file hop dong sang o d,move_entry
chuyen hop dong sang o d,move_entry
di chuyen tai lieu hop dong qua o d,move_entry
doi file hop dong qua o d,move_entry
copy file hop dong sang thu muc du an,copy_entry
sao chep file hop dong qua thu muc du an,copy_entry
chep tai lieu hop dong vao thu muc du an,copy_entry
copy tai lieu hop dong den thu muc du an,copy_entry
chep file hop dong qua thu muc thu muc du an,copy_entry
nhan ban file hop dong qua thu muc du an,copy_entry
sao chep hop dong vao folder thu muc du an,copy_entry
di chuyen file hop dong sang thu muc du an,move_entry
chuyen tai lieu hop dong qua thu muc du an,move_entry
move file hop dong vao thu muc du an,move_entry
dua file hop dong sang thu muc du an,move_entry
chuyen hop dong sang thu muc du an,move_entry
di chuyen tai lieu hop dong qua thu muc du an,move_entry
doi file hop dong qua thu muc du an,move_entry
copy file hop dong sang man hinh chinh,copy_entry
sao chep file hop dong qua man hinh chinh,copy_entry
chep tai lieu hop dong vao man hinh chinh,copy_entry
copy tai lieu hop dong den man hinh chinh,copy_entry
chep file hop dong qua thu muc man hinh chinh,copy_entry
nhan ban file hop dong qua man hinh chinh,copy_entry
sao chep hop dong vao folder man hinh chinh,copy_entry
di chuyen file hop dong sang man hinh chinh,move_entry
chuyen tai lieu hop dong qua man hinh chinh,move_entry
move file hop dong vao man hinh chinh,move_entry
dua file hop dong sang man hinh chinh,move_entry
chuyen hop dong sang man hinh chinh,move_entry
di chuyen tai lieu hop dong qua man hinh chinh,move_entry
doi file hop dong qua man hinh chinh,move_entry
copy file hop dong sang folder du an,copy_entry
sao chep file hop dong qua folder du an,copy_entry
chep tai lieu hop dong vao folder du an,copy_entry
copy tai lieu hop dong den folder du an,copy_entry
chep file hop dong qua thu muc folder du an,copy_entry
nhan ban file hop dong qua folder du an,copy_entry
sao chep hop dong vao folder folder du an,copy_entry
di chuyen file hop dong sang folder du an,move_entry
chuyen tai lieu hop dong qua folder du an,move_entry
move file hop dong vao folder du an,move_entry
dua file hop dong sang folder du an,move_entry
chuyen hop dong sang folder du an,move_entry
di chuyen tai lieu hop dong qua folder du an,move_entry
doi file hop dong qua folder du an,move_entry
copy file ke hoach sang desktop,copy_entry
sao chep file ke hoach qua desktop,copy_entry
chep tai lieu ke hoach vao desktop,copy_entry
copy tai lieu ke hoach den desktop,copy_entry
chep file ke hoach qua thu muc desktop,copy_entry
nhan ban file ke hoach qua desktop,copy_entry
sao chep ke hoach vao folder desktop,copy_entry
di chuyen file ke hoach sang desktop,move_entry
chuyen tai lieu ke hoach qua desktop,move_entry
move file ke hoach vao desktop,move_entry
dua file ke hoach sang desktop,move_entry
chuyen ke hoach sang desktop,move_entry
di chuyen tai lieu ke hoach qua desktop,move_entry
doi file ke hoach qua desktop,move_entry
copy file ke hoach sang downloads,copy_entry
sao chep file ke hoach qua downloads,copy_entry
chep tai lieu ke hoach vao downloads,copy_entry
copy tai lieu ke hoach den downloads,copy_entry
chep file ke hoach qua thu muc downloads,copy_entry
nhan ban file ke hoach qua downloads,copy_entry
sao chep ke hoach vao folder downloads,copy_entry
di chuyen file ke hoach sang downloads,move_entry
chuyen tai lieu ke hoach qua downloads,move_entry
move file ke hoach vao downloads,move_entry
dua file ke hoach sang downloads,move_entry
chuyen ke hoach sang downloads,move_entry
di chuyen tai lieu ke hoach qua downloads,move_entry
doi file ke hoach qua downloads,move_entry
copy file ke hoach sang documents,copy_entry
sao chep file ke hoach qua documents,copy_entry
chep tai lieu ke hoach vao documents,copy_entry
copy tai lieu ke hoach den documents,copy_entry
chep file ke hoach qua thu muc documents,copy_entry
nhan ban file ke hoach qua documents,copy_entry
sao chep ke hoach vao folder documents,copy_entry
di chuyen file ke hoach sang documents,move_entry
chuyen tai lieu ke hoach qua documents,move_entry
move file ke hoach vao documents,move_entry
dua file ke hoach sang documents,move_entry
chuyen ke hoach sang documents,move_entry
di chuyen tai lieu ke hoach qua documents,move_entry
doi file ke hoach qua documents,move_entry
copy file ke hoach sang o d,copy_entry
sao chep file ke hoach qua o d,copy_entry
chep tai lieu ke hoach vao o d,copy_entry
copy tai lieu ke hoach den o d,copy_entry
chep file ke hoach qua thu muc o d,copy_entry
nhan ban file ke hoach qua o d,copy_entry
sao chep ke hoach vao folder o d,copy_entry
di chuyen file ke hoach sang o d,move_entry
chuyen tai lieu ke hoach qua o d,move_entry
move file ke hoach vao o d,move_entry
dua file ke hoach sang o d,move_entry
chuyen ke hoach sang o d,move_entry
di chuyen tai lieu ke hoach qua o d,move_entry
doi file ke hoach qua o d,move_entry
copy file ke hoach sang thu muc du an,copy_entry
sao chep file ke hoach qua thu muc du an,copy_entry
chep tai lieu ke hoach vao thu muc du an,copy_entry
copy tai lieu ke hoach den thu muc du an,copy_entry
chep file ke hoach qua thu muc thu muc du an,copy_entry
nhan ban file ke hoach qua thu muc du an,copy_entry
sao chep ke hoach vao folder thu muc du an,copy_entry
di chuyen file ke hoach sang thu muc du an,move_entry
chuyen tai lieu ke hoach qua thu muc du an,move_entry
move file ke hoach vao thu muc du an,move_entry
dua file ke hoach sang thu muc du an,move_entry
chuyen ke hoach sang thu muc du an,move_entry
di chuyen tai lieu ke hoach qua thu muc du an,move_entry
doi file ke hoach qua thu muc du an,move_entry
copy file ke hoach sang man hinh chinh,copy_entry
sao chep file ke hoach qua man hinh chinh,copy_entry
chep tai lieu ke hoach vao man hinh chinh,copy_entry
copy tai lieu ke hoach den man hinh chinh,copy_entry
chep file ke hoach qua thu muc man hinh chinh,copy_entry
nhan ban file ke hoach qua man hinh chinh,copy_entry
sao chep ke hoach vao folder man hinh chinh,copy_entry
di chuyen file ke hoach sang man hinh chinh,move_entry
chuyen tai lieu ke hoach qua man hinh chinh,move_entry
move file ke hoach vao man hinh chinh,move_entry
dua file ke hoach sang man hinh chinh,move_entry
chuyen ke hoach sang man hinh chinh,move_entry
di chuyen tai lieu ke hoach qua man hinh chinh,move_entry
doi file ke hoach qua man hinh chinh,move_entry
copy file ke hoach sang folder du an,copy_entry
sao chep file ke hoach qua folder du an,copy_entry
chep tai lieu ke hoach vao folder du an,copy_entry
copy tai lieu ke hoach den folder du an,copy_entry
chep file ke hoach qua thu muc folder du an,copy_entry
nhan ban file ke hoach qua folder du an,copy_entry
sao chep ke hoach vao folder folder du an,copy_entry
di chuyen file ke hoach sang folder du an,move_entry
chuyen tai lieu ke hoach qua folder du an,move_entry
move file ke hoach vao folder du an,move_entry
dua file ke hoach sang folder du an,move_entry
chuyen ke hoach sang folder du an,move_entry
di chuyen tai lieu ke hoach qua folder du an,move_entry
doi file ke hoach qua folder du an,move_entry
copy file doanh thu sang desktop,copy_entry
sao chep file doanh thu qua desktop,copy_entry
chep tai lieu doanh thu vao desktop,copy_entry
copy tai lieu doanh thu den desktop,copy_entry
chep file doanh thu qua thu muc desktop,copy_entry
nhan ban file doanh thu qua desktop,copy_entry
sao chep doanh thu vao folder desktop,copy_entry
di chuyen file doanh thu sang desktop,move_entry
chuyen tai lieu doanh thu qua desktop,move_entry
move file doanh thu vao desktop,move_entry
dua file doanh thu sang desktop,move_entry
chuyen doanh thu sang desktop,move_entry
di chuyen tai lieu doanh thu qua desktop,move_entry
doi file doanh thu qua desktop,move_entry
copy file doanh thu sang downloads,copy_entry
sao chep file doanh thu qua downloads,copy_entry
chep tai lieu doanh thu vao downloads,copy_entry
copy tai lieu doanh thu den downloads,copy_entry
chep file doanh thu qua thu muc downloads,copy_entry
nhan ban file doanh thu qua downloads,copy_entry
sao chep doanh thu vao folder downloads,copy_entry
di chuyen file doanh thu sang downloads,move_entry
chuyen tai lieu doanh thu qua downloads,move_entry
move file doanh thu vao downloads,move_entry
dua file doanh thu sang downloads,move_entry
chuyen doanh thu sang downloads,move_entry
di chuyen tai lieu doanh thu qua downloads,move_entry
doi file doanh thu qua downloads,move_entry
copy file doanh thu sang documents,copy_entry
sao chep file doanh thu qua documents,copy_entry
chep tai lieu doanh thu vao documents,copy_entry
copy tai lieu doanh thu den documents,copy_entry
chep file doanh thu qua thu muc documents,copy_entry
nhan ban file doanh thu qua documents,copy_entry
sao chep doanh thu vao folder documents,copy_entry
di chuyen file doanh thu sang documents,move_entry
chuyen tai lieu doanh thu qua documents,move_entry
move file doanh thu vao documents,move_entry
dua file doanh thu sang documents,move_entry
chuyen doanh thu sang documents,move_entry
di chuyen tai lieu doanh thu qua documents,move_entry
doi file doanh thu qua documents,move_entry
copy file doanh thu sang o d,copy_entry
sao chep file doanh thu qua o d,copy_entry
chep tai lieu doanh thu vao o d,copy_entry
copy tai lieu doanh thu den o d,copy_entry
chep file doanh thu qua thu muc o d,copy_entry
nhan ban file doanh thu qua o d,copy_entry
sao chep doanh thu vao folder o d,copy_entry
di chuyen file doanh thu sang o d,move_entry
chuyen tai lieu doanh thu qua o d,move_entry
move file doanh thu vao o d,move_entry
dua file doanh thu sang o d,move_entry
chuyen doanh thu sang o d,move_entry
di chuyen tai lieu doanh thu qua o d,move_entry
doi file doanh thu qua o d,move_entry
copy file doanh thu sang thu muc du an,copy_entry
sao chep file doanh thu qua thu muc du an,copy_entry
chep tai lieu doanh thu vao thu muc du an,copy_entry
copy tai lieu doanh thu den thu muc du an,copy_entry
chep file doanh thu qua thu muc thu muc du an,copy_entry
nhan ban file doanh thu qua thu muc du an,copy_entry
sao chep doanh thu vao folder thu muc du an,copy_entry
di chuyen file doanh thu sang thu muc du an,move_entry
chuyen tai lieu doanh thu qua thu muc du an,move_entry
move file doanh thu vao thu muc du an,move_entry
dua file doanh thu sang thu muc du an,move_entry
chuyen doanh thu sang thu muc du an,move_entry
di chuyen tai lieu doanh thu qua thu muc du an,move_entry
doi file doanh thu qua thu muc du an,move_entry
copy file doanh thu sang man hinh chinh,copy_entry
sao chep file doanh thu qua man hinh chinh,copy_entry
chep tai lieu doanh thu vao man hinh chinh,copy_entry
copy tai lieu doanh thu den man hinh chinh,copy_entry
chep file doanh thu qua thu muc man hinh chinh,copy_entry
nhan ban file doanh thu qua man hinh chinh,copy_entry
sao chep doanh thu vao folder man hinh chinh,copy_entry
di chuyen file doanh thu sang man hinh chinh,move_entry
chuyen tai lieu doanh thu qua man hinh chinh,move_entry
move file doanh thu vao man hinh chinh,move_entry
dua file doanh thu sang man hinh chinh,move_entry
chuyen doanh thu sang man hinh chinh,move_entry
di chuyen tai lieu doanh thu qua man hinh chinh,move_entry
doi file doanh thu qua man hinh chinh,move_entry
copy file doanh thu sang folder du an,copy_entry
sao chep file doanh thu qua folder du an,copy_entry
chep tai lieu doanh thu vao folder du an,copy_entry
copy tai lieu doanh thu den folder du an,copy_entry
chep file doanh thu qua thu muc folder du an,copy_entry
nhan ban file doanh thu qua folder du an,copy_entry
sao chep doanh thu vao folder folder du an,copy_entry
di chuyen file doanh thu sang folder du an,move_entry
chuyen tai lieu doanh thu qua folder du an,move_entry
move file doanh thu vao folder du an,move_entry
dua file doanh thu sang folder du an,move_entry
chuyen doanh thu sang folder du an,move_entry
di chuyen tai lieu doanh thu qua folder du an,move_entry
doi file doanh thu qua folder du an,move_entry
copy file hoa don sang desktop,copy_entry
sao chep file hoa don qua desktop,copy_entry
chep tai lieu hoa don vao desktop,copy_entry
copy tai lieu hoa don den desktop,copy_entry
chep file hoa don qua thu muc desktop,copy_entry
nhan ban file hoa don qua desktop,copy_entry
sao chep hoa don vao folder desktop,copy_entry
di chuyen file hoa don sang desktop,move_entry
chuyen tai lieu hoa don qua desktop,move_entry
move file hoa don vao desktop,move_entry
dua file hoa don sang desktop,move_entry
chuyen hoa don sang desktop,move_entry
di chuyen tai lieu hoa don qua desktop,move_entry
doi file hoa don qua desktop,move_entry
copy file hoa don sang downloads,copy_entry
sao chep file hoa don qua downloads,copy_entry
chep tai lieu hoa don vao downloads,copy_entry
copy tai lieu hoa don den downloads,copy_entry
chep file hoa don qua thu muc downloads,copy_entry
nhan ban file hoa don qua downloads,copy_entry
sao chep hoa don vao folder downloads,copy_entry
di chuyen file hoa don sang downloads,move_entry
chuyen tai lieu hoa don qua downloads,move_entry
move file hoa don vao downloads,move_entry
dua file hoa don sang downloads,move_entry
chuyen hoa don sang downloads,move_entry
di chuyen tai lieu hoa don qua downloads,move_entry
doi file hoa don qua downloads,move_entry
copy file hoa don sang documents,copy_entry
sao chep file hoa don qua documents,copy_entry
chep tai lieu hoa don vao documents,copy_entry
copy tai lieu hoa don den documents,copy_entry
chep file hoa don qua thu muc documents,copy_entry
nhan ban file hoa don qua documents,copy_entry
sao chep hoa don vao folder documents,copy_entry
di chuyen file hoa don sang documents,move_entry
chuyen tai lieu hoa don qua documents,move_entry
move file hoa don vao documents,move_entry
dua file hoa don sang documents,move_entry
chuyen hoa don sang documents,move_entry
di chuyen tai lieu hoa don qua documents,move_entry
doi file hoa don qua documents,move_entry
copy file hoa don sang o d,copy_entry
sao chep file hoa don qua o d,copy_entry
chep tai lieu hoa don vao o d,copy_entry
copy tai lieu hoa don den o d,copy_entry
chep file hoa don qua thu muc o d,copy_entry
nhan ban file hoa don qua o d,copy_entry
sao chep hoa don vao folder o d,copy_entry
di chuyen file hoa don sang o d,move_entry
chuyen tai lieu hoa don qua o d,move_entry
move file hoa don vao o d,move_entry
dua file hoa don sang o d,move_entry
chuyen hoa don sang o d,move_entry
di chuyen tai lieu hoa don qua o d,move_entry
doi file hoa don qua o d,move_entry
copy file hoa don sang thu muc du an,copy_entry
sao chep file hoa don qua thu muc du an,copy_entry
chep tai lieu hoa don vao thu muc du an,copy_entry
copy tai lieu hoa don den thu muc du an,copy_entry
chep file hoa don qua thu muc thu muc du an,copy_entry
nhan ban file hoa don qua thu muc du an,copy_entry
sao chep hoa don vao folder thu muc du an,copy_entry
di chuyen file hoa don sang thu muc du an,move_entry
chuyen tai lieu hoa don qua thu muc du an,move_entry
move file hoa don vao thu muc du an,move_entry
dua file hoa don sang thu muc du an,move_entry
chuyen hoa don sang thu muc du an,move_entry
di chuyen tai lieu hoa don qua thu muc du an,move_entry
doi file hoa don qua thu muc du an,move_entry
copy file hoa don sang man hinh chinh,copy_entry
sao chep file hoa don qua man hinh chinh,copy_entry
chep tai lieu hoa don vao man hinh chinh,copy_entry
copy tai lieu hoa don den man hinh chinh,copy_entry
chep file hoa don qua thu muc man hinh chinh,copy_entry
nhan ban file hoa don qua man hinh chinh,copy_entry
sao chep hoa don vao folder man hinh chinh,copy_entry
di chuyen file hoa don sang man hinh chinh,move_entry
chuyen tai lieu hoa don qua man hinh chinh,move_entry
move file hoa don vao man hinh chinh,move_entry
dua file hoa don sang man hinh chinh,move_entry
chuyen hoa don sang man hinh chinh,move_entry
di chuyen tai lieu hoa don qua man hinh chinh,move_entry
doi file hoa don qua man hinh chinh,move_entry
copy file hoa don sang folder du an,copy_entry
sao chep file hoa don qua folder du an,copy_entry
chep tai lieu hoa don vao folder du an,copy_entry
copy tai lieu hoa don den folder du an,copy_entry
chep file hoa don qua thu muc folder du an,copy_entry
nhan ban file hoa don qua folder du an,copy_entry
sao chep hoa don vao folder folder du an,copy_entry
di chuyen file hoa don sang folder du an,move_entry
chuyen tai lieu hoa don qua folder du an,move_entry
move file hoa don vao folder du an,move_entry
dua file hoa don sang folder du an,move_entry
chuyen hoa don sang folder du an,move_entry
di chuyen tai lieu hoa don qua folder du an,move_entry
doi file hoa don qua folder du an,move_entry
copy file slide thuyet trinh sang desktop,copy_entry
sao chep file slide thuyet trinh qua desktop,copy_entry
chep tai lieu slide thuyet trinh vao desktop,copy_entry
copy tai lieu slide thuyet trinh den desktop,copy_entry
chep file slide thuyet trinh qua thu muc desktop,copy_entry
nhan ban file slide thuyet trinh qua desktop,copy_entry
sao chep slide thuyet trinh vao folder desktop,copy_entry
di chuyen file slide thuyet trinh sang desktop,move_entry
chuyen tai lieu slide thuyet trinh qua desktop,move_entry
move file slide thuyet trinh vao desktop,move_entry
dua file slide thuyet trinh sang desktop,move_entry
chuyen slide thuyet trinh sang desktop,move_entry
di chuyen tai lieu slide thuyet trinh qua desktop,move_entry
doi file slide thuyet trinh qua desktop,move_entry
copy file slide thuyet trinh sang downloads,copy_entry
sao chep file slide thuyet trinh qua downloads,copy_entry
chep tai lieu slide thuyet trinh vao downloads,copy_entry
copy tai lieu slide thuyet trinh den downloads,copy_entry
chep file slide thuyet trinh qua thu muc downloads,copy_entry
nhan ban file slide thuyet trinh qua downloads,copy_entry
sao chep slide thuyet trinh vao folder downloads,copy_entry
di chuyen file slide thuyet trinh sang downloads,move_entry
chuyen tai lieu slide thuyet trinh qua downloads,move_entry
move file slide thuyet trinh vao downloads,move_entry
dua file slide thuyet trinh sang downloads,move_entry
chuyen slide thuyet trinh sang downloads,move_entry
di chuyen tai lieu slide thuyet trinh qua downloads,move_entry
doi file slide thuyet trinh qua downloads,move_entry
copy file slide thuyet trinh sang documents,copy_entry
sao chep file slide thuyet trinh qua documents,copy_entry
chep tai lieu slide thuyet trinh vao documents,copy_entry
copy tai lieu slide thuyet trinh den documents,copy_entry
chep file slide thuyet trinh qua thu muc documents,copy_entry
nhan ban file slide thuyet trinh qua documents,copy_entry
sao chep slide thuyet trinh vao folder documents,copy_entry
di chuyen file slide thuyet trinh sang documents,move_entry
chuyen tai lieu slide thuyet trinh qua documents,move_entry
move file slide thuyet trinh vao documents,move_entry
dua file slide thuyet trinh sang documents,move_entry
chuyen slide thuyet trinh sang documents,move_entry
di chuyen tai lieu slide thuyet trinh qua documents,move_entry
doi file slide thuyet trinh qua documents,move_entry
copy file slide thuyet trinh sang o d,copy_entry
sao chep file slide thuyet trinh qua o d,copy_entry
chep tai lieu slide thuyet trinh vao o d,copy_entry
copy tai lieu slide thuyet trinh den o d,copy_entry
chep file slide thuyet trinh qua thu muc o d,copy_entry
nhan ban file slide thuyet trinh qua o d,copy_entry
sao chep slide thuyet trinh vao folder o d,copy_entry
di chuyen file slide thuyet trinh sang o d,move_entry
chuyen tai lieu slide thuyet trinh qua o d,move_entry
move file slide thuyet trinh vao o d,move_entry
dua file slide thuyet trinh sang o d,move_entry
chuyen slide thuyet trinh sang o d,move_entry
di chuyen tai lieu slide thuyet trinh qua o d,move_entry
doi file slide thuyet trinh qua o d,move_entry
copy file slide thuyet trinh sang thu muc du an,copy_entry
sao chep file slide thuyet trinh qua thu muc du an,copy_entry
chep tai lieu slide thuyet trinh vao thu muc du an,copy_entry
copy tai lieu slide thuyet trinh den thu muc du an,copy_entry
chep file slide thuyet trinh qua thu muc thu muc du an,copy_entry
nhan ban file slide thuyet trinh qua thu muc du an,copy_entry
sao chep slide thuyet trinh vao folder thu muc du an,copy_entry
di chuyen file slide thuyet trinh sang thu muc du an,move_entry
chuyen tai lieu slide thuyet trinh qua thu muc du an,move_entry
move file slide thuyet trinh vao thu muc du an,move_entry
dua file slide thuyet trinh sang thu muc du an,move_entry
chuyen slide thuyet trinh sang thu muc du an,move_entry
di chuyen tai lieu slide thuyet trinh qua thu muc du an,move_entry
doi file slide thuyet trinh qua thu muc du an,move_entry
copy file slide thuyet trinh sang man hinh chinh,copy_entry
sao chep file slide thuyet trinh qua man hinh chinh,copy_entry
chep tai lieu slide thuyet trinh vao man hinh chinh,copy_entry
copy tai lieu slide thuyet trinh den man hinh chinh,copy_entry
chep file slide thuyet trinh qua thu muc man hinh chinh,copy_entry
nhan ban file slide thuyet trinh qua man hinh chinh,copy_entry
sao chep slide thuyet trinh vao folder man hinh chinh,copy_entry
di chuyen file slide thuyet trinh sang man hinh chinh,move_entry
chuyen tai lieu slide thuyet trinh qua man hinh chinh,move_entry
move file slide thuyet trinh vao man hinh chinh,move_entry
dua file slide thuyet trinh sang man hinh chinh,move_entry
chuyen slide thuyet trinh sang man hinh chinh,move_entry
di chuyen tai lieu slide thuyet trinh qua man hinh chinh,move_entry
doi file slide thuyet trinh qua man hinh chinh,move_entry
copy file slide thuyet trinh sang folder du an,copy_entry
sao chep file slide thuyet trinh qua folder du an,copy_entry
chep tai lieu slide thuyet trinh vao folder du an,copy_entry
copy tai lieu slide thuyet trinh den folder du an,copy_entry
chep file slide thuyet trinh qua thu muc folder du an,copy_entry
nhan ban file slide thuyet trinh qua folder du an,copy_entry
sao chep slide thuyet trinh vao folder folder du an,copy_entry
di chuyen file slide thuyet trinh sang folder du an,move_entry
chuyen tai lieu slide thuyet trinh qua folder du an,move_entry
move file slide thuyet trinh vao folder du an,move_entry
dua file slide thuyet trinh sang folder du an,move_entry
chuyen slide thuyet trinh sang folder du an,move_entry
di chuyen tai lieu slide thuyet trinh qua folder du an,move_entry
doi file slide thuyet trinh qua folder du an,move_entry
copy file anh can cuoc sang desktop,copy_entry
sao chep file anh can cuoc qua desktop,copy_entry
chep tai lieu anh can cuoc vao desktop,copy_entry
copy tai lieu anh can cuoc den desktop,copy_entry
chep file anh can cuoc qua thu muc desktop,copy_entry
nhan ban file anh can cuoc qua desktop,copy_entry
sao chep anh can cuoc vao folder desktop,copy_entry
di chuyen file anh can cuoc sang desktop,move_entry
chuyen tai lieu anh can cuoc qua desktop,move_entry
move file anh can cuoc vao desktop,move_entry
dua file anh can cuoc sang desktop,move_entry
chuyen anh can cuoc sang desktop,move_entry
di chuyen tai lieu anh can cuoc qua desktop,move_entry
doi file anh can cuoc qua desktop,move_entry
copy file anh can cuoc sang downloads,copy_entry
sao chep file anh can cuoc qua downloads,copy_entry
chep tai lieu anh can cuoc vao downloads,copy_entry
copy tai lieu anh can cuoc den downloads,copy_entry
chep file anh can cuoc qua thu muc downloads,copy_entry
nhan ban file anh can cuoc qua downloads,copy_entry
sao chep anh can cuoc vao folder downloads,copy_entry
di chuyen file anh can cuoc sang downloads,move_entry
chuyen tai lieu anh can cuoc qua downloads,move_entry
move file anh can cuoc vao downloads,move_entry
dua file anh can cuoc sang downloads,move_entry
chuyen anh can cuoc sang downloads,move_entry
di chuyen tai lieu anh can cuoc qua downloads,move_entry
doi file anh can cuoc qua downloads,move_entry
copy file anh can cuoc sang documents,copy_entry
sao chep file anh can cuoc qua documents,copy_entry
chep tai lieu anh can cuoc vao documents,copy_entry
copy tai lieu anh can cuoc den documents,copy_entry
chep file anh can cuoc qua thu muc documents,copy_entry
nhan ban file anh can cuoc qua documents,copy_entry
sao chep anh can cuoc vao folder documents,copy_entry
di chuyen file anh can cuoc sang documents,move_entry
chuyen tai lieu anh can cuoc qua documents,move_entry
move file anh can cuoc vao documents,move_entry
dua file anh can cuoc sang documents,move_entry
chuyen anh can cuoc sang documents,move_entry
di chuyen tai lieu anh can cuoc qua documents,move_entry
doi file anh can cuoc qua documents,move_entry
copy file anh can cuoc sang o d,copy_entry
sao chep file anh can cuoc qua o d,copy_entry
chep tai lieu anh can cuoc vao o d,copy_entry
copy tai lieu anh can cuoc den o d,copy_entry
chep file anh can cuoc qua thu muc o d,copy_entry
nhan ban file anh can cuoc qua o d,copy_entry
sao chep anh can cuoc vao folder o d,copy_entry
di chuyen file anh can cuoc sang o d,move_entry
chuyen tai lieu anh can cuoc qua o d,move_entry
move file anh can cuoc vao o d,move_entry
dua file anh can cuoc sang o d,move_entry
chuyen anh can cuoc sang o d,move_entry
di chuyen tai lieu anh can cuoc qua o d,move_entry
doi file anh can cuoc qua o d,move_entry
copy file anh can cuoc sang thu muc du an,copy_entry
sao chep file anh can cuoc qua thu muc du an,copy_entry
chep tai lieu anh can cuoc vao thu muc du an,copy_entry
copy tai lieu anh can cuoc den thu muc du an,copy_entry
chep file anh can cuoc qua thu muc thu muc du an,copy_entry
nhan ban file anh can cuoc qua thu muc du an,copy_entry
sao chep anh can cuoc vao folder thu muc du an,copy_entry
di chuyen file anh can cuoc sang thu muc du an,move_entry
chuyen tai lieu anh can cuoc qua thu muc du an,move_entry
move file anh can cuoc vao thu muc du an,move_entry
dua file anh can cuoc sang thu muc du an,move_entry
chuyen anh can cuoc sang thu muc du an,move_entry
di chuyen tai lieu anh can cuoc qua thu muc du an,move_entry
doi file anh can cuoc qua thu muc du an,move_entry
copy file anh can cuoc sang man hinh chinh,copy_entry
sao chep file anh can cuoc qua man hinh chinh,copy_entry
chep tai lieu anh can cuoc vao man hinh chinh,copy_entry
copy tai lieu anh can cuoc den man hinh chinh,copy_entry
chep file anh can cuoc qua thu muc man hinh chinh,copy_entry
nhan ban file anh can cuoc qua man hinh chinh,copy_entry
sao chep anh can cuoc vao folder man hinh chinh,copy_entry
di chuyen file anh can cuoc sang man hinh chinh,move_entry
chuyen tai lieu anh can cuoc qua man hinh chinh,move_entry
move file anh can cuoc vao man hinh chinh,move_entry
dua file anh can cuoc sang man hinh chinh,move_entry
chuyen anh can cuoc sang man hinh chinh,move_entry
di chuyen tai lieu anh can cuoc qua man hinh chinh,move_entry
doi file anh can cuoc qua man hinh chinh,move_entry
copy file anh can cuoc sang folder du an,copy_entry
sao chep file anh can cuoc qua folder du an,copy_entry
chep tai lieu anh can cuoc vao folder du an,copy_entry
copy tai lieu anh can cuoc den folder du an,copy_entry
chep file anh can cuoc qua thu muc folder du an,copy_entry
nhan ban file anh can cuoc qua folder du an,copy_entry
sao chep anh can cuoc vao folder folder du an,copy_entry
di chuyen file anh can cuoc sang folder du an,move_entry
chuyen tai lieu anh can cuoc qua folder du an,move_entry
move file anh can cuoc vao folder du an,move_entry
dua file anh can cuoc sang folder du an,move_entry
chuyen anh can cuoc sang folder du an,move_entry
di chuyen tai lieu anh can cuoc qua folder du an,move_entry
doi file anh can cuoc qua folder du an,move_entry
copy file file test sang desktop,copy_entry
sao chep file file test qua desktop,copy_entry
chep tai lieu file test vao desktop,copy_entry
copy tai lieu file test den desktop,copy_entry
chep file file test qua thu muc desktop,copy_entry
nhan ban file file test qua desktop,copy_entry
sao chep file test vao folder desktop,copy_entry
di chuyen file file test sang desktop,move_entry
chuyen tai lieu file test qua desktop,move_entry
move file file test vao desktop,move_entry
dua file file test sang desktop,move_entry
chuyen file test sang desktop,move_entry
di chuyen tai lieu file test qua desktop,move_entry
doi file file test qua desktop,move_entry
copy file file test sang downloads,copy_entry
sao chep file file test qua downloads,copy_entry
chep tai lieu file test vao downloads,copy_entry
copy tai lieu file test den downloads,copy_entry
chep file file test qua thu muc downloads,copy_entry
nhan ban file file test qua downloads,copy_entry
sao chep file test vao folder downloads,copy_entry
di chuyen file file test sang downloads,move_entry
chuyen tai lieu file test qua downloads,move_entry
move file file test vao downloads,move_entry
dua file file test sang downloads,move_entry
chuyen file test sang downloads,move_entry
di chuyen tai lieu file test qua downloads,move_entry
doi file file test qua downloads,move_entry
copy file file test sang documents,copy_entry
sao chep file file test qua documents,copy_entry
chep tai lieu file test vao documents,copy_entry
copy tai lieu file test den documents,copy_entry
chep file file test qua thu muc documents,copy_entry
nhan ban file file test qua documents,copy_entry
sao chep file test vao folder documents,copy_entry
di chuyen file file test sang documents,move_entry
chuyen tai lieu file test qua documents,move_entry
move file file test vao documents,move_entry
dua file file test sang documents,move_entry
chuyen file test sang documents,move_entry
di chuyen tai lieu file test qua documents,move_entry
doi file file test qua documents,move_entry
copy file file test sang o d,copy_entry
sao chep file file test qua o d,copy_entry
chep tai lieu file test vao o d,copy_entry
copy tai lieu file test den o d,copy_entry
chep file file test qua thu muc o d,copy_entry
nhan ban file file test qua o d,copy_entry
sao chep file test vao folder o d,copy_entry
di chuyen file file test sang o d,move_entry
chuyen tai lieu file test qua o d,move_entry
move file file test vao o d,move_entry
dua file file test sang o d,move_entry
chuyen file test sang o d,move_entry
di chuyen tai lieu file test qua o d,move_entry
doi file file test qua o d,move_entry
copy file file test sang thu muc du an,copy_entry
sao chep file file test qua thu muc du an,copy_entry
chep tai lieu file test vao thu muc du an,copy_entry
copy tai lieu file test den thu muc du an,copy_entry
chep file file test qua thu muc thu muc du an,copy_entry
nhan ban file file test qua thu muc du an,copy_entry
sao chep file test vao folder thu muc du an,copy_entry
di chuyen file file test sang thu muc du an,move_entry
chuyen tai lieu file test qua thu muc du an,move_entry
move file file test vao thu muc du an,move_entry
dua file file test sang thu muc du an,move_entry
chuyen file test sang thu muc du an,move_entry
di chuyen tai lieu file test qua thu muc du an,move_entry
doi file file test qua thu muc du an,move_entry
copy file file test sang man hinh chinh,copy_entry
sao chep file file test qua man hinh chinh,copy_entry
chep tai lieu file test vao man hinh chinh,copy_entry
copy tai lieu file test den man hinh chinh,copy_entry
chep file file test qua thu muc man hinh chinh,copy_entry
nhan ban file file test qua man hinh chinh,copy_entry
sao chep file test vao folder man hinh chinh,copy_entry
di chuyen file file test sang man hinh chinh,move_entry
chuyen tai lieu file test qua man hinh chinh,move_entry
move file file test vao man hinh chinh,move_entry
dua file file test sang man hinh chinh,move_entry
chuyen file test sang man hinh chinh,move_entry
di chuyen tai lieu file test qua man hinh chinh,move_entry
doi file file test qua man hinh chinh,move_entry
copy file file test sang folder du an,copy_entry
sao chep file file test qua folder du an,copy_entry
chep tai lieu file test vao folder du an,copy_entry
copy tai lieu file test den folder du an,copy_entry
chep file file test qua thu muc folder du an,copy_entry
nhan ban file file test qua folder du an,copy_entry
sao chep file test vao folder folder du an,copy_entry
di chuyen file file test sang folder du an,move_entry
chuyen tai lieu file test qua folder du an,move_entry
move file file test vao folder du an,move_entry
dua file file test sang folder du an,move_entry
chuyen file test sang folder du an,move_entry
di chuyen tai lieu file test qua folder du an,move_entry
doi file file test qua folder du an,move_entry
nhac toi hop voi khach luc 9 gio sang mai,create_reminder
dat lich nhac toi hop voi khach luc 9 gio sang mai,create_reminder
luc 9 gio sang mai nhac toi hop voi khach,create_reminder
bao toi hop voi khach luc 9 gio sang mai,create_reminder
nho nhac toi hop voi khach luc 9 gio sang mai,create_reminder
tao reminder hop voi khach luc 9 gio sang mai,create_reminder
dung quen nhac toi hop voi khach luc 9 gio sang mai,create_reminder
lat nua nhac toi hop voi khach luc 9 gio sang mai,create_reminder
nhac toi hop voi khach 8 gio toi nay,create_reminder
dat lich nhac toi hop voi khach 8 gio toi nay,create_reminder
8 gio toi nay nhac toi hop voi khach,create_reminder
bao toi hop voi khach 8 gio toi nay,create_reminder
nho nhac toi hop voi khach 8 gio toi nay,create_reminder
tao reminder hop voi khach 8 gio toi nay,create_reminder
dung quen nhac toi hop voi khach 8 gio toi nay,create_reminder
lat nua nhac toi hop voi khach 8 gio toi nay,create_reminder
nhac toi hop voi khach 30 phut nua,create_reminder
dat lich nhac toi hop voi khach 30 phut nua,create_reminder
30 phut nua nhac toi hop voi khach,create_reminder
bao toi hop voi khach 30 phut nua,create_reminder
nho nhac toi hop voi khach 30 phut nua,create_reminder
tao reminder hop voi khach 30 phut nua,create_reminder
dung quen nhac toi hop voi khach 30 phut nua,create_reminder
lat nua nhac toi hop voi khach 30 phut nua,create_reminder
nhac toi hop voi khach chieu mai,create_reminder
dat lich nhac toi hop voi khach chieu mai,create_reminder
chieu mai nhac toi hop voi khach,create_reminder
bao toi hop voi khach chieu mai,create_reminder
nho nhac toi hop voi khach chieu mai,create_reminder
tao reminder hop voi khach chieu mai,create_reminder
dung quen nhac toi hop voi khach chieu mai,create_reminder
lat nua nhac toi hop voi khach chieu mai,create_reminder
nhac toi hop voi khach sang thu hai,create_reminder
dat lich nhac toi hop voi khach sang thu hai,create_reminder
sang thu hai nhac toi hop voi khach,create_reminder
bao toi hop voi khach sang thu hai,create_reminder
nho nhac toi hop voi khach sang thu hai,create_reminder
tao reminder hop voi khach sang thu hai,create_reminder
dung quen nhac toi hop voi khach sang thu hai,create_reminder
lat nua nhac toi hop voi khach sang thu hai,create_reminder
nhac toi hop voi khach ngay mai luc 7h30,create_reminder
dat lich nhac toi hop voi khach ngay mai luc 7h30,create_reminder
ngay mai luc 7h30 nhac toi hop voi khach,create_reminder
bao toi hop voi khach ngay mai luc 7h30,create_reminder
nho nhac toi hop voi khach ngay mai luc 7h30,create_reminder
tao reminder hop voi khach ngay mai luc 7h30,create_reminder
dung quen nhac toi hop voi khach ngay mai luc 7h30,create_reminder
lat nua nhac toi hop voi khach ngay mai luc 7h30,create_reminder
nhac toi hop voi khach toi nay,create_reminder
dat lich nhac toi hop voi khach toi nay,create_reminder
toi nay nhac toi hop voi khach,create_reminder
bao toi hop voi khach toi nay,create_reminder
nho nhac toi hop voi khach toi nay,create_reminder
tao reminder hop voi khach toi nay,create_reminder
dung quen nhac toi hop voi khach toi nay,create_reminder
lat nua nhac toi hop voi khach toi nay,create_reminder
nhac toi hop voi khach 1 tieng nua,create_reminder
dat lich nhac toi hop voi khach 1 tieng nua,create_reminder
1 tieng nua nhac toi hop voi khach,create_reminder
bao toi hop voi khach 1 tieng nua,create_reminder
nho nhac toi hop voi khach 1 tieng nua,create_reminder
tao reminder hop voi khach 1 tieng nua,create_reminder
dung quen nhac toi hop voi khach 1 tieng nua,create_reminder
lat nua nhac toi hop voi khach 1 tieng nua,create_reminder
nhac toi hop voi khach 15 phut nua,create_reminder
dat lich nhac toi hop voi khach 15 phut nua,create_reminder
15 phut nua nhac toi hop voi khach,create_reminder
bao toi hop voi khach 15 phut nua,create_reminder
nho nhac toi hop voi khach 15 phut nua,create_reminder
tao reminder hop voi khach 15 phut nua,create_reminder
dung quen nhac toi hop voi khach 15 phut nua,create_reminder
lat nua nhac toi hop voi khach 15 phut nua,create_reminder
nhac toi hop voi khach mai sang,create_reminder
dat lich nhac toi hop voi khach mai sang,create_reminder
mai sang nhac toi hop voi khach,create_reminder
bao toi hop voi khach mai sang,create_reminder
nho nhac toi hop voi khach mai sang,create_reminder
tao reminder hop voi khach mai sang,create_reminder
dung quen nhac toi hop voi khach mai sang,create_reminder
lat nua nhac toi hop voi khach mai sang,create_reminder
nhac toi uong thuoc luc 9 gio sang mai,create_reminder
dat lich nhac toi uong thuoc luc 9 gio sang mai,create_reminder
luc 9 gio sang mai nhac toi uong thuoc,create_reminder
bao toi uong thuoc luc 9 gio sang mai,create_reminder
nho nhac toi uong thuoc luc 9 gio sang mai,create_reminder
tao reminder uong thuoc luc 9 gio sang mai,create_reminder
dung quen nhac toi uong thuoc luc 9 gio sang mai,create_reminder
lat nua nhac toi uong thuoc luc 9 gio sang mai,create_reminder
nhac toi uong thuoc 8 gio toi nay,create_reminder
dat lich nhac toi uong thuoc 8 gio toi nay,create_reminder
8 gio toi nay nhac toi uong thuoc,create_reminder
bao toi uong thuoc 8 gio toi nay,create_reminder
nho nhac toi uong thuoc 8 gio toi nay,create_reminder
tao reminder uong thuoc 8 gio toi nay,create_reminder
dung quen nhac toi uong thuoc 8 gio toi nay,create_reminder
lat nua nhac toi uong thuoc 8 gio toi nay,create_reminder
nhac toi uong thuoc 30 phut nua,create_reminder
dat lich nhac toi uong thuoc 30 phut nua,create_reminder
30 phut nua nhac toi uong thuoc,create_reminder
bao toi uong thuoc 30 phut nua,create_reminder
nho nhac toi uong thuoc 30 phut nua,create_reminder
tao reminder uong thuoc 30 phut nua,create_reminder
dung quen nhac toi uong thuoc 30 phut nua,create_reminder
lat nua nhac toi uong thuoc 30 phut nua,create_reminder
nhac toi uong thuoc chieu mai,create_reminder
dat lich nhac toi uong thuoc chieu mai,create_reminder
chieu mai nhac toi uong thuoc,create_reminder
bao toi uong thuoc chieu mai,create_reminder
nho nhac toi uong thuoc chieu mai,create_reminder
tao reminder uong thuoc chieu mai,create_reminder
dung quen nhac toi uong thuoc chieu mai,create_reminder
lat nua nhac toi uong thuoc chieu mai,create_reminder
nhac toi uong thuoc sang thu hai,create_reminder
dat lich nhac toi uong thuoc sang thu hai,create_reminder
sang thu hai nhac toi uong thuoc,create_reminder
bao toi uong thuoc sang thu hai,create_reminder
nho nhac toi uong thuoc sang thu hai,create_reminder
tao reminder uong thuoc sang thu hai,create_reminder
dung quen nhac toi uong thuoc sang thu hai,create_reminder
lat nua nhac toi uong thuoc sang thu hai,create_reminder
nhac toi uong thuoc ngay mai luc 7h30,create_reminder
dat lich nhac toi uong thuoc ngay mai luc 7h30,create_reminder
ngay mai luc 7h30 nhac toi uong thuoc,create_reminder
bao toi uong thuoc ngay mai luc 7h30,create_reminder
nho nhac toi uong thuoc ngay mai luc 7h30,create_reminder
tao reminder uong thuoc ngay mai luc 7h30,create_reminder
dung quen nhac toi uong thuoc ngay mai luc 7h30,create_reminder
lat nua nhac toi uong thuoc ngay mai luc 7h30,create_reminder
nhac toi uong thuoc toi nay,create_reminder
dat lich nhac toi uong thuoc toi nay,create_reminder
toi nay nhac toi uong thuoc,create_reminder
bao toi uong thuoc toi nay,create_reminder
nho nhac toi uong thuoc toi nay,create_reminder
tao reminder uong thuoc toi nay,create_reminder
dung quen nhac toi uong thuoc toi nay,create_reminder
lat nua nhac toi uong thuoc toi nay,create_reminder
nhac toi uong thuoc 1 tieng nua,create_reminder
dat lich nhac toi uong thuoc 1 tieng nua,create_reminder
1 tieng nua nhac toi uong thuoc,create_reminder
bao toi uong thuoc 1 tieng nua,create_reminder
nho nhac toi uong thuoc 1 tieng nua,create_reminder
tao reminder uong thuoc 1 tieng nua,create_reminder
dung quen nhac toi uong thuoc 1 tieng nua,create_reminder
lat nua nhac toi uong thuoc 1 tieng nua,create_reminder
nhac toi uong thuoc 15 phut nua,create_reminder
dat lich nhac toi uong thuoc 15 phut nua,create_reminder
15 phut nua nhac toi uong thuoc,create_reminder
bao toi uong thuoc 15 phut nua,create_reminder
nho nhac toi uong thuoc 15 phut nua,create_reminder
tao reminder uong thuoc 15 phut nua,create_reminder
dung quen nhac toi uong thuoc 15 phut nua,create_reminder
lat nua nhac toi uong thuoc 15 phut nua,create_reminder
nhac toi uong thuoc mai sang,create_reminder
dat lich nhac toi uong thuoc mai sang,create_reminder
mai sang nhac toi uong thuoc,create_reminder
bao toi uong thuoc mai sang,create_reminder
nho nhac toi uong thuoc mai sang,create_reminder
tao reminder uong thuoc mai sang,create_reminder
dung quen nhac toi uong thuoc mai sang,create_reminder
lat nua nhac toi uong thuoc mai sang,create_reminder
nhac toi gui bao cao luc 9 gio sang mai,create_reminder
dat lich nhac toi gui bao cao luc 9 gio sang mai,create_reminder
luc 9 gio sang mai nhac toi gui bao cao,create_reminder
bao toi gui bao cao luc 9 gio sang mai,create_reminder
nho nhac toi gui bao cao luc 9 gio sang mai,create_reminder
tao reminder gui bao cao luc 9 gio sang mai,create_reminder
dung quen nhac toi gui bao cao luc 9 gio sang mai,create_reminder
lat nua nhac toi gui bao cao luc 9 gio sang mai,create_reminder
nhac toi gui bao cao 8 gio toi nay,create_reminder
dat lich nhac toi gui bao cao 8 gio toi nay,create_reminder
8 gio toi nay nhac toi gui bao cao,create_reminder
bao toi gui bao cao 8 gio toi nay,create_reminder
nho nhac toi gui bao cao 8 gio toi nay,create_reminder
tao reminder gui bao cao 8 gio toi nay,create_reminder
dung quen nhac toi gui bao cao 8 gio toi nay,create_reminder
lat nua nhac toi gui bao cao 8 gio toi nay,create_reminder
nhac toi gui bao cao 30 phut nua,create_reminder
dat lich nhac toi gui bao cao 30 phut nua,create_reminder
30 phut nua nhac toi gui bao cao,create_reminder
bao toi gui bao cao 30 phut nua,create_reminder
nho nhac toi gui bao cao 30 phut nua,create_reminder
tao reminder gui bao cao 30 phut nua,create_reminder
dung quen nhac toi gui bao cao 30 phut nua,create_reminder
lat nua nhac toi gui bao cao 30 phut nua,create_reminder
nhac toi gui bao cao chieu mai,create_reminder
dat lich nhac toi gui bao cao chieu mai,create_reminder
chieu mai nhac toi gui bao cao,create_reminder
bao toi gui bao cao chieu mai,create_reminder
nho nhac toi gui bao cao chieu mai,create_reminder
tao reminder gui bao cao chieu mai,create_reminder
dung quen nhac toi gui bao cao chieu mai,create_reminder
lat nua nhac toi gui bao cao chieu mai,create_reminder
nhac toi gui bao cao sang thu hai,create_reminder
dat lich nhac toi gui bao cao sang thu hai,create_reminder
sang thu hai nhac toi gui bao cao,create_reminder
bao toi gui bao cao sang thu hai,create_reminder
nho nhac toi gui bao cao sang thu hai,create_reminder
tao reminder gui bao cao sang thu hai,create_reminder
dung quen nhac toi gui bao cao sang thu hai,create_reminder
lat nua nhac toi gui bao cao sang thu hai,create_reminder
nhac toi gui bao cao ngay mai luc 7h30,create_reminder
dat lich nhac toi gui bao cao ngay mai luc 7h30,create_reminder
ngay mai luc 7h30 nhac toi gui bao cao,create_reminder
bao toi gui bao cao ngay mai luc 7h30,create_reminder
nho nhac toi gui bao cao ngay mai luc 7h30,create_reminder
tao reminder gui bao cao ngay mai luc 7h30,create_reminder
dung quen nhac toi gui bao cao ngay mai luc 7h30,create_reminder
lat nua nhac toi gui bao cao ngay mai luc 7h30,create_reminder
nhac toi gui bao cao toi nay,create_reminder
dat lich nhac toi gui bao cao toi nay,create_reminder
toi nay nhac toi gui bao cao,create_reminder
bao toi gui bao cao toi nay,create_reminder
nho nhac toi gui bao cao toi nay,create_reminder
tao reminder gui bao cao toi nay,create_reminder
dung quen nhac toi gui bao cao toi nay,create_reminder
lat nua nhac toi gui bao cao toi nay,create_reminder
nhac toi gui bao cao 1 tieng nua,create_reminder
dat lich nhac toi gui bao cao 1 tieng nua,create_reminder
1 tieng nua nhac toi gui bao cao,create_reminder
bao toi gui bao cao 1 tieng nua,create_reminder
nho nhac toi gui bao cao 1 tieng nua,create_reminder
tao reminder gui bao cao 1 tieng nua,create_reminder
dung quen nhac toi gui bao cao 1 tieng nua,create_reminder
lat nua nhac toi gui bao cao 1 tieng nua,create_reminder
nhac toi gui bao cao 15 phut nua,create_reminder
dat lich nhac toi gui bao cao 15 phut nua,create_reminder
15 phut nua nhac toi gui bao cao,create_reminder
bao toi gui bao cao 15 phut nua,create_reminder
nho nhac toi gui bao cao 15 phut nua,create_reminder
tao reminder gui bao cao 15 phut nua,create_reminder
dung quen nhac toi gui bao cao 15 phut nua,create_reminder
lat nua nhac toi gui bao cao 15 phut nua,create_reminder
nhac toi gui bao cao mai sang,create_reminder
dat lich nhac toi gui bao cao mai sang,create_reminder
mai sang nhac toi gui bao cao,create_reminder
bao toi gui bao cao mai sang,create_reminder
nho nhac toi gui bao cao mai sang,create_reminder
tao reminder gui bao cao mai sang,create_reminder
dung quen nhac toi gui bao cao mai sang,create_reminder
lat nua nhac toi gui bao cao mai sang,create_reminder
nhac toi goi cho anh nam luc 9 gio sang mai,create_reminder
dat lich nhac toi goi cho anh nam luc 9 gio sang mai,create_reminder
luc 9 gio sang mai nhac toi goi cho anh nam,create_reminder
bao toi goi cho anh nam luc 9 gio sang mai,create_reminder
nho nhac toi goi cho anh nam luc 9 gio sang mai,create_reminder
tao reminder goi cho anh nam luc 9 gio sang mai,create_reminder
dung quen nhac toi goi cho anh nam luc 9 gio sang mai,create_reminder
lat nua nhac toi goi cho anh nam luc 9 gio sang mai,create_reminder
nhac toi goi cho anh nam 8 gio toi nay,create_reminder
dat lich nhac toi goi cho anh nam 8 gio toi nay,create_reminder
8 gio toi nay nhac toi goi cho anh nam,create_reminder
bao toi goi cho anh nam 8 gio toi nay,create_reminder
nho nhac toi goi cho anh nam 8 gio toi nay,create_reminder
tao reminder goi cho anh nam 8 gio toi nay,create_reminder
dung quen nhac toi goi cho anh nam 8 gio toi nay,create_reminder
lat nua nhac toi goi cho anh nam 8 gio toi nay,create_reminder
nhac toi goi cho anh nam 30 phut nua,create_reminder
dat lich nhac toi goi cho anh nam 30 phut nua,create_reminder
30 phut nua nhac toi goi cho anh nam,create_reminder
bao toi goi cho anh nam 30 phut nua,create_reminder
nho nhac toi goi cho anh nam 30 phut nua,create_reminder
tao reminder goi cho anh nam 30 phut nua,create_reminder
dung quen nhac toi goi cho anh nam 30 phut nua,create_reminder
lat nua nhac toi goi cho anh nam 30 phut nua,create_reminder
nhac toi goi cho anh nam chieu mai,create_reminder
dat lich nhac toi goi cho anh nam chieu mai,create_reminder
chieu mai nhac toi goi cho anh nam,create_reminder
bao toi goi cho anh nam chieu mai,create_reminder
nho nhac toi goi cho anh nam chieu mai,create_reminder
tao reminder goi cho anh nam chieu mai,create_reminder
dung quen nhac toi goi cho anh nam chieu mai,create_reminder
lat nua nhac toi goi cho anh nam chieu mai,create_reminder
nhac toi goi cho anh nam sang thu hai,create_reminder
dat lich nhac toi goi cho anh nam sang thu hai,create_reminder
sang thu hai nhac toi goi cho anh nam,create_reminder
bao toi goi cho anh nam sang thu hai,create_reminder
nho nhac toi goi cho anh nam sang thu hai,create_reminder
tao reminder goi cho anh nam sang thu hai,create_reminder
dung quen nhac toi goi cho anh nam sang thu hai,create_reminder
lat nua nhac toi goi cho anh nam sang thu hai,create_reminder
nhac toi goi cho anh nam ngay mai luc 7h30,create_reminder
dat lich nhac toi goi cho anh nam ngay mai luc 7h30,create_reminder
ngay mai luc 7h30 nhac toi goi cho anh nam,create_reminder
bao toi goi cho anh nam ngay mai luc 7h30,create_reminder
nho nhac toi goi cho anh nam ngay mai luc 7h30,create_reminder
tao reminder goi cho anh nam ngay mai luc 7h30,create_reminder
dung quen nhac toi goi cho anh nam ngay mai luc 7h30,create_reminder
lat nua nhac toi goi cho anh nam ngay mai luc 7h30,create_reminder
nhac toi goi cho anh nam toi nay,create_reminder
dat lich nhac toi goi cho anh nam toi nay,create_reminder
toi nay nhac toi goi cho anh nam,create_reminder
bao toi goi cho anh nam toi nay,create_reminder
nho nhac toi goi cho anh nam toi nay,create_reminder
tao reminder goi cho anh nam toi nay,create_reminder
dung quen nhac toi goi cho anh nam toi nay,create_reminder
lat nua nhac toi goi cho anh nam toi nay,create_reminder
nhac toi goi cho anh nam 1 tieng nua,create_reminder
dat lich nhac toi goi cho anh nam 1 tieng nua,create_reminder
1 tieng nua nhac toi goi cho anh nam,create_reminder
bao toi goi cho anh nam 1 tieng nua,create_reminder
nho nhac toi goi cho anh nam 1 tieng nua,create_reminder
tao reminder goi cho anh nam 1 tieng nua,create_reminder
dung quen nhac toi goi cho anh nam 1 tieng nua,create_reminder
lat nua nhac toi goi cho anh nam 1 tieng nua,create_reminder
nhac toi goi cho anh nam 15 phut nua,create_reminder
dat lich nhac toi goi cho anh nam 15 phut nua,create_reminder
15 phut nua nhac toi goi cho anh nam,create_reminder
bao toi goi cho anh nam 15 phut nua,create_reminder
nho nhac toi goi cho anh nam 15 phut nua,create_reminder
tao reminder goi cho anh nam 15 phut nua,create_reminder
dung quen nhac toi goi cho anh nam 15 phut nua,create_reminder
lat nua nhac toi goi cho anh nam 15 phut nua,create_reminder
nhac toi goi cho anh nam mai sang,create_reminder
dat lich nhac toi goi cho anh nam mai sang,create_reminder
mai sang nhac toi goi cho anh nam,create_reminder
bao toi goi cho anh nam mai sang,create_reminder
nho nhac toi goi cho anh nam mai sang,create_reminder
tao reminder goi cho anh nam mai sang,create_reminder
dung quen nhac toi goi cho anh nam mai sang,create_reminder
lat nua nhac toi goi cho anh nam mai sang,create_reminder
nhac toi thanh toan hoa don luc 9 gio sang mai,create_reminder
dat lich nhac toi thanh toan hoa don luc 9 gio sang mai,create_reminder
luc 9 gio sang mai nhac toi thanh toan hoa don,create_reminder
bao toi thanh toan hoa don luc 9 gio sang mai,create_reminder
nho nhac toi thanh toan hoa don luc 9 gio sang mai,create_reminder
tao reminder thanh toan hoa don luc 9 gio sang mai,create_reminder
dung quen nhac toi thanh toan hoa don luc 9 gio sang mai,create_reminder
lat nua nhac toi thanh toan hoa don luc 9 gio sang mai,create_reminder
nhac toi thanh toan hoa don 8 gio toi nay,create_reminder
dat lich nhac toi thanh toan hoa don 8 gio toi nay,create_reminder
8 gio toi nay nhac toi thanh toan hoa don,create_reminder
bao toi thanh toan hoa don 8 gio toi nay,create_reminder
nho nhac toi thanh toan hoa don 8 gio toi nay,create_reminder
tao reminder thanh toan hoa don 8 gio toi nay,create_reminder
dung quen nhac toi thanh toan hoa don 8 gio toi nay,create_reminder
lat nua nhac toi thanh toan hoa don 8 gio toi nay,create_reminder
nhac toi thanh toan hoa don 30 phut nua,create_reminder
dat lich nhac toi thanh toan hoa don 30 phut nua,create_reminder
30 phut nua nhac toi thanh toan hoa don,create_reminder
bao toi thanh toan hoa don 30 phut nua,create_reminder
nho nhac toi thanh toan hoa don 30 phut nua,create_reminder
tao reminder thanh toan hoa don 30 phut nua,create_reminder
dung quen nhac toi thanh toan hoa don 30 phut nua,create_reminder
lat nua nhac toi thanh toan hoa don 30 phut nua,create_reminder
nhac toi thanh toan hoa don chieu mai,create_reminder
dat lich nhac toi thanh toan hoa don chieu mai,create_reminder
chieu mai nhac toi thanh toan hoa don,create_reminder
bao toi thanh toan hoa don chieu mai,create_reminder
nho nhac toi thanh toan hoa don chieu mai,create_reminder
tao reminder thanh toan hoa don chieu mai,create_reminder
dung quen nhac toi thanh toan hoa don chieu mai,create_reminder
lat nua nhac toi thanh toan hoa don chieu mai,create_reminder
nhac toi thanh toan hoa don sang thu hai,create_reminder
dat lich nhac toi thanh toan hoa don sang thu hai,create_reminder
sang thu hai nhac toi thanh toan hoa don,create_reminder
bao toi thanh toan hoa don sang thu hai,create_reminder
nho nhac toi thanh toan hoa don sang thu hai,create_reminder
tao reminder thanh toan hoa don sang thu hai,create_reminder
dung quen nhac toi thanh toan hoa don sang thu hai,create_reminder
lat nua nhac toi thanh toan hoa don sang thu hai,create_reminder
nhac toi thanh toan hoa don ngay mai luc 7h30,create_reminder
dat lich nhac toi thanh toan hoa don ngay mai luc 7h30,create_reminder
ngay mai luc 7h30 nhac toi thanh toan hoa don,create_reminder
bao toi thanh toan hoa don ngay mai luc 7h30,create_reminder
nho nhac toi thanh toan hoa don ngay mai luc 7h30,create_reminder
tao reminder thanh toan hoa don ngay mai luc 7h30,create_reminder
dung quen nhac toi thanh toan hoa don ngay mai luc 7h30,create_reminder
lat nua nhac toi thanh toan hoa don ngay mai luc 7h30,create_reminder
nhac toi thanh toan hoa don toi nay,create_reminder
dat lich nhac toi thanh toan hoa don toi nay,create_reminder
toi nay nhac toi thanh toan hoa don,create_reminder
bao toi thanh toan hoa don toi nay,create_reminder
nho nhac toi thanh toan hoa don toi nay,create_reminder
tao reminder thanh toan hoa don toi nay,create_reminder
dung quen nhac toi thanh toan hoa don toi nay,create_reminder
lat nua nhac toi thanh toan hoa don toi nay,create_reminder
nhac toi thanh toan hoa don 1 tieng nua,create_reminder
dat lich nhac toi thanh toan hoa don 1 tieng nua,create_reminder
1 tieng nua nhac toi thanh toan hoa don,create_reminder
bao toi thanh toan hoa don 1 tieng nua,create_reminder
nho nhac toi thanh toan hoa don 1 tieng nua,create_reminder
tao reminder thanh toan hoa don 1 tieng nua,create_reminder
dung quen nhac toi thanh toan hoa don 1 tieng nua,create_reminder
lat nua nhac toi thanh toan hoa don 1 tieng nua,create_reminder
nhac toi thanh toan hoa don 15 phut nua,create_reminder
dat lich nhac toi thanh toan hoa don 15 phut nua,create_reminder
15 phut nua nhac toi thanh toan hoa don,create_reminder
bao toi thanh toan hoa don 15 phut nua,create_reminder
nho nhac toi thanh toan hoa don 15 phut nua,create_reminder
tao reminder thanh toan hoa don 15 phut nua,create_reminder
dung quen nhac toi thanh toan hoa don 15 phut nua,create_reminder
lat nua nhac toi thanh toan hoa don 15 phut nua,create_reminder
nhac toi thanh toan hoa don mai sang,create_reminder
dat lich nhac toi thanh toan hoa don mai sang,create_reminder
mai sang nhac toi thanh toan hoa don,create_reminder
bao toi thanh toan hoa don mai sang,create_reminder
nho nhac toi thanh toan hoa don mai sang,create_reminder
tao reminder thanh toan hoa don mai sang,create_reminder
dung quen nhac toi thanh toan hoa don mai sang,create_reminder
lat nua nhac toi thanh toan hoa don mai sang,create_reminder
nhac toi don con luc 9 gio sang mai,create_reminder
dat lich nhac toi don con luc 9 gio sang mai,create_reminder
luc 9 gio sang mai nhac toi don con,create_reminder
bao toi don con luc 9 gio sang mai,create_reminder
nho nhac toi don con luc 9 gio sang mai,create_reminder
tao reminder don con luc 9 gio sang mai,create_reminder
dung quen nhac toi don con luc 9 gio sang mai,create_reminder
lat nua nhac toi don con luc 9 gio sang mai,create_reminder
nhac toi don con 8 gio toi nay,create_reminder
dat lich nhac toi don con 8 gio toi nay,create_reminder
8 gio toi nay nhac toi don con,create_reminder
bao toi don con 8 gio toi nay,create_reminder
nho nhac toi don con 8 gio toi nay,create_reminder
tao reminder don con 8 gio toi nay,create_reminder
dung quen nhac toi don con 8 gio toi nay,create_reminder
lat nua nhac toi don con 8 gio toi nay,create_reminder
nhac toi don con 30 phut nua,create_reminder
dat lich nhac toi don con 30 phut nua,create_reminder
30 phut nua nhac toi don con,create_reminder
bao toi don con 30 phut nua,create_reminder
nho nhac toi don con 30 phut nua,create_reminder
tao reminder don con 30 phut nua,create_reminder
dung quen nhac toi don con 30 phut nua,create_reminder
lat nua nhac toi don con 30 phut nua,create_reminder
nhac toi don con chieu mai,create_reminder
dat lich nhac toi don con chieu mai,create_reminder
chieu mai nhac toi don con,create_reminder
bao toi don con chieu mai,create_reminder
nho nhac toi don con chieu mai,create_reminder
tao reminder don con chieu mai,create_reminder
dung quen nhac toi don con chieu mai,create_reminder
lat nua nhac toi don con chieu mai,create_reminder
nhac toi don con sang thu hai,create_reminder
dat lich nhac toi don con sang thu hai,create_reminder
sang thu hai nhac toi don con,create_reminder
bao toi don con sang thu hai,create_reminder
nho nhac toi don con sang thu hai,create_reminder
tao reminder don con sang thu hai,create_reminder
dung quen nhac toi don con sang thu hai,create_reminder
lat nua nhac toi don con sang thu hai,create_reminder
nhac toi don con ngay mai luc 7h30,create_reminder
dat lich nhac toi don con ngay mai luc 7h30,create_reminder
ngay mai luc 7h30 nhac toi don con,create_reminder
bao toi don con ngay mai luc 7h30,create_reminder
nho nhac toi don con ngay mai luc 7h30,create_reminder
tao reminder don con ngay mai luc 7h30,create_reminder
dung quen nhac toi don con ngay mai luc 7h30,create_reminder
lat nua nhac toi don con ngay mai luc 7h30,create_reminder
nhac toi don con toi nay,create_reminder
dat lich nhac toi don con toi nay,create_reminder
toi nay nhac toi don con,create_reminder
bao toi don con toi nay,create_reminder
nho nhac toi don con toi nay,create_reminder
tao reminder don con toi nay,create_reminder
dung quen nhac toi don con toi nay,create_reminder
lat nua nhac toi don con toi nay,create_reminder
nhac toi don con 1 tieng nua,create_reminder
dat lich nhac toi don con 1 tieng nua,create_reminder
1 tieng nua nhac toi don con,create_reminder
bao toi don con 1 tieng nua,create_reminder
nho nhac toi don con 1 tieng nua,create_reminder
tao reminder don con 1 tieng nua,create_reminder
dung quen nhac toi don con 1 tieng nua,create_reminder
lat nua nhac toi don con 1 tieng nua,create_reminder
nhac toi don con 15 phut nua,create_reminder
dat lich nhac toi don con 15 phut nua,create_reminder
15 phut nua nhac toi don con,create_reminder
bao toi don con 15 phut nua,create_reminder
nho nhac toi don con 15 phut nua,create_reminder
tao reminder don con 15 phut nua,create_reminder
dung quen nhac toi don con 15 phut nua,create_reminder
lat nua nhac toi don con 15 phut nua,create_reminder
nhac toi don con mai sang,create_reminder
dat lich nhac toi don con mai sang,create_reminder
mai sang nhac toi don con,create_reminder
bao toi don con mai sang,create_reminder
nho nhac toi don con mai sang,create_reminder
tao reminder don con mai sang,create_reminder
dung quen nhac toi don con mai sang,create_reminder
lat nua nhac toi don con mai sang,create_reminder
nhac toi nop bai tap luc 9 gio sang mai,create_reminder
dat lich nhac toi nop bai tap luc 9 gio sang mai,create_reminder
luc 9 gio sang mai nhac toi nop bai tap,create_reminder
bao toi nop bai tap luc 9 gio sang mai,create_reminder
nho nhac toi nop bai tap luc 9 gio sang mai,create_reminder
tao reminder nop bai tap luc 9 gio sang mai,create_reminder
dung quen nhac toi nop bai tap luc 9 gio sang mai,create_reminder
lat nua nhac toi nop bai tap luc 9 gio sang mai,create_reminder
nhac toi nop bai tap 8 gio toi nay,create_reminder
dat lich nhac toi nop bai tap 8 gio toi nay,create_reminder
8 gio toi nay nhac toi nop bai tap,create_reminder
bao toi nop bai tap 8 gio toi nay,create_reminder
nho nhac toi nop bai tap 8 gio toi nay,create_reminder
tao reminder nop bai tap 8 gio toi nay,create_reminder
dung quen nhac toi nop bai tap 8 gio toi nay,create_reminder
lat nua nhac toi nop bai tap 8 gio toi nay,create_reminder
nhac toi nop bai tap 30 phut nua,create_reminder
dat lich nhac toi nop bai tap 30 phut nua,create_reminder
30 phut nua nhac toi nop bai tap,create_reminder
bao toi nop bai tap 30 phut nua,create_reminder
nho nhac toi nop bai tap 30 phut nua,create_reminder
tao reminder nop bai tap 30 phut nua,create_reminder
dung quen nhac toi nop bai tap 30 phut nua,create_reminder
lat nua nhac toi nop bai tap 30 phut nua,create_reminder
nhac toi nop bai tap chieu mai,create_reminder
dat lich nhac toi nop bai tap chieu mai,create_reminder
chieu mai nhac toi nop bai tap,create_reminder
bao toi nop bai tap chieu mai,create_reminder
nho nhac toi nop bai tap chieu mai,create_reminder
tao reminder nop bai tap chieu mai,create_reminder
dung quen nhac toi nop bai tap chieu mai,create_reminder
lat nua nhac toi nop bai tap chieu mai,create_reminder
nhac toi nop bai tap sang thu hai,create_reminder
dat lich nhac toi nop bai tap sang thu hai,create_reminder
sang thu hai nhac toi nop bai tap,create_reminder
bao toi nop bai tap sang thu hai,create_reminder
nho nhac toi nop bai tap sang thu hai,create_reminder
tao reminder nop bai tap sang thu hai,create_reminder
dung quen nhac toi nop bai tap sang thu hai,create_reminder
lat nua nhac toi nop bai tap sang thu hai,create_reminder
nhac toi nop bai tap ngay mai luc 7h30,create_reminder
dat lich nhac toi nop bai tap ngay mai luc 7h30,create_reminder
ngay mai luc 7h30 nhac toi nop bai tap,create_reminder
bao toi nop bai tap ngay mai luc 7h30,create_reminder
nho nhac toi nop bai tap ngay mai luc 7h30,create_reminder
tao reminder nop bai tap ngay mai luc 7h30,create_reminder
dung quen nhac toi nop bai tap ngay mai luc 7h30,create_reminder
lat nua nhac toi nop bai tap ngay mai luc 7h30,create_reminder
nhac toi nop bai tap toi nay,create_reminder
dat lich nhac toi nop bai tap toi nay,create_reminder
toi nay nhac toi nop bai tap,create_reminder
bao toi nop bai tap toi nay,create_reminder
nho nhac toi nop bai tap toi nay,create_reminder
tao reminder nop bai tap toi nay,create_reminder
dung quen nhac toi nop bai tap toi nay,create_reminder
lat nua nhac toi nop bai tap toi nay,create_reminder
nhac toi nop bai tap 1 tieng nua,create_reminder
dat lich nhac toi nop bai tap 1 tieng nua,create_reminder
1 tieng nua nhac toi nop bai tap,create_reminder
bao toi nop bai tap 1 tieng nua,create_reminder
nho nhac toi nop bai tap 1 tieng nua,create_reminder
tao reminder nop bai tap 1 tieng nua,create_reminder
dung quen nhac toi nop bai tap 1 tieng nua,create_reminder
lat nua nhac toi nop bai tap 1 tieng nua,create_reminder
nhac toi nop bai tap 15 phut nua,create_reminder
dat lich nhac toi nop bai tap 15 phut nua,create_reminder
15 phut nua nhac toi nop bai tap,create_reminder
bao toi nop bai tap 15 phut nua,create_reminder
nho nhac toi nop bai tap 15 phut nua,create_reminder
tao reminder nop bai tap 15 phut nua,create_reminder
dung quen nhac toi nop bai tap 15 phut nua,create_reminder
lat nua nhac toi nop bai tap 15 phut nua,create_reminder
nhac toi nop bai tap mai sang,create_reminder
dat lich nhac toi nop bai tap mai sang,create_reminder
mai sang nhac toi nop bai tap,create_reminder
bao toi nop bai tap mai sang,create_reminder
nho nhac toi nop bai tap mai sang,create_reminder
tao reminder nop bai tap mai sang,create_reminder
dung quen nhac toi nop bai tap mai sang,create_reminder
lat nua nhac toi nop bai tap mai sang,create_reminder
nhac toi backup du lieu luc 9 gio sang mai,create_reminder
dat lich nhac toi backup du lieu luc 9 gio sang mai,create_reminder
luc 9 gio sang mai nhac toi backup du lieu,create_reminder
bao toi backup du lieu luc 9 gio sang mai,create_reminder
nho nhac toi backup du lieu luc 9 gio sang mai,create_reminder
tao reminder backup du lieu luc 9 gio sang mai,create_reminder
dung quen nhac toi backup du lieu luc 9 gio sang mai,create_reminder
lat nua nhac toi backup du lieu luc 9 gio sang mai,create_reminder
nhac toi backup du lieu 8 gio toi nay,create_reminder
dat lich nhac toi backup du lieu 8 gio toi nay,create_reminder
8 gio toi nay nhac toi backup du lieu,create_reminder
bao toi backup du lieu 8 gio toi nay,create_reminder
nho nhac toi backup du lieu 8 gio toi nay,create_reminder
tao reminder backup du lieu 8 gio toi nay,create_reminder
dung quen nhac toi backup du lieu 8 gio toi nay,create_reminder
lat nua nhac toi backup du lieu 8 gio toi nay,create_reminder
nhac toi backup du lieu 30 phut nua,create_reminder
dat lich nhac toi backup du lieu 30 phut nua,create_reminder
30 phut nua nhac toi backup du lieu,create_reminder
bao toi backup du lieu 30 phut nua,create_reminder
nho nhac toi backup du lieu 30 phut nua,create_reminder
tao reminder backup du lieu 30 phut nua,create_reminder
dung quen nhac toi backup du lieu 30 phut nua,create_reminder
lat nua nhac toi backup du lieu 30 phut nua,create_reminder
nhac toi backup du lieu chieu mai,create_reminder
dat lich nhac toi backup du lieu chieu mai,create_reminder
chieu mai nhac toi backup du lieu,create_reminder
bao toi backup du lieu chieu mai,create_reminder
nho nhac toi backup du lieu chieu mai,create_reminder
tao reminder backup du lieu chieu mai,create_reminder
dung quen nhac toi backup du lieu chieu mai,create_reminder
lat nua nhac toi backup du lieu chieu mai,create_reminder
nhac toi backup du lieu sang thu hai,create_reminder
dat lich nhac toi backup du lieu sang thu hai,create_reminder
sang thu hai nhac toi backup du lieu,create_reminder
bao toi backup du lieu sang thu hai,create_reminder
nho nhac toi backup du lieu sang thu hai,create_reminder
tao reminder backup du lieu sang thu hai,create_reminder
dung quen nhac toi backup du lieu sang thu hai,create_reminder
lat nua nhac toi backup du lieu sang thu hai,create_reminder
nhac toi backup du lieu ngay mai luc 7h30,create_reminder
dat lich nhac toi backup du lieu ngay mai luc 7h30,create_reminder
ngay mai luc 7h30 nhac toi backup du lieu,create_reminder
bao toi backup du lieu ngay mai luc 7h30,create_reminder
nho nhac toi backup du lieu ngay mai luc 7h30,create_reminder
tao reminder backup du lieu ngay mai luc 7h30,create_reminder
dung quen nhac toi backup du lieu ngay mai luc 7h30,create_reminder
lat nua nhac toi backup du lieu ngay mai luc 7h30,create_reminder
nhac toi backup du lieu toi nay,create_reminder
dat lich nhac toi backup du lieu toi nay,create_reminder
toi nay nhac toi backup du lieu,create_reminder
bao toi backup du lieu toi nay,create_reminder
nho nhac toi backup du lieu toi nay,create_reminder
tao reminder backup du lieu toi nay,create_reminder
dung quen nhac toi backup du lieu toi nay,create_reminder
lat nua nhac toi backup du lieu toi nay,create_reminder
nhac toi backup du lieu 1 tieng nua,create_reminder
dat lich nhac toi backup du lieu 1 tieng nua,create_reminder
1 tieng nua nhac toi backup du lieu,create_reminder
bao toi backup du lieu 1 tieng nua,create_reminder
nho nhac toi backup du lieu 1 tieng nua,create_reminder
tao reminder backup du lieu 1 tieng nua,create_reminder
dung quen nhac toi backup du lieu 1 tieng nua,create_reminder
lat nua nhac toi backup du lieu 1 tieng nua,create_reminder
nhac toi backup du lieu 15 phut nua,create_reminder
dat lich nhac toi backup du lieu 15 phut nua,create_reminder
15 phut nua nhac toi backup du lieu,create_reminder
bao toi backup du lieu 15 phut nua,create_reminder
nho nhac toi backup du lieu 15 phut nua,create_reminder
tao reminder backup du lieu 15 phut nua,create_reminder
dung quen nhac toi backup du lieu 15 phut nua,create_reminder
lat nua nhac toi backup du lieu 15 phut nua,create_reminder
nhac toi backup du lieu mai sang,create_reminder
dat lich nhac toi backup du lieu mai sang,create_reminder
mai sang nhac toi backup du lieu,create_reminder
bao toi backup du lieu mai sang,create_reminder
nho nhac toi backup du lieu mai sang,create_reminder
tao reminder backup du lieu mai sang,create_reminder
dung quen nhac toi backup du lieu mai sang,create_reminder
lat nua nhac toi backup du lieu mai sang,create_reminder
nhac toi kiem tra email luc 9 gio sang mai,create_reminder
dat lich nhac toi kiem tra email luc 9 gio sang mai,create_reminder
luc 9 gio sang mai nhac toi kiem tra email,create_reminder
bao toi kiem tra email luc 9 gio sang mai,create_reminder
nho nhac toi kiem tra email luc 9 gio sang mai,create_reminder
tao reminder kiem tra email luc 9 gio sang mai,create_reminder
dung quen nhac toi kiem tra email luc 9 gio sang mai,create_reminder
lat nua nhac toi kiem tra email luc 9 gio sang mai,create_reminder
nhac toi kiem tra email 8 gio toi nay,create_reminder
dat lich nhac toi kiem tra email 8 gio toi nay,create_reminder
8 gio toi nay nhac toi kiem tra email,create_reminder
bao toi kiem tra email 8 gio toi nay,create_reminder
nho nhac toi kiem tra email 8 gio toi nay,create_reminder
tao reminder kiem tra email 8 gio toi nay,create_reminder
dung quen nhac toi kiem tra email 8 gio toi nay,create_reminder
lat nua nhac toi kiem tra email 8 gio toi nay,create_reminder
nhac toi kiem tra email 30 phut nua,create_reminder
dat lich nhac toi kiem tra email 30 phut nua,create_reminder
30 phut nua nhac toi kiem tra email,create_reminder
bao toi kiem tra email 30 phut nua,create_reminder
nho nhac toi kiem tra email 30 phut nua,create_reminder
tao reminder kiem tra email 30 phut nua,create_reminder
dung quen nhac toi kiem tra email 30 phut nua,create_reminder
lat nua nhac toi kiem tra email 30 phut nua,create_reminder
nhac toi kiem tra email chieu mai,create_reminder
dat lich nhac toi kiem tra email chieu mai,create_reminder
chieu mai nhac toi kiem tra email,create_reminder
bao toi kiem tra email chieu mai,create_reminder
nho nhac toi kiem tra email chieu mai,create_reminder
tao reminder kiem tra email chieu mai,create_reminder
dung quen nhac toi kiem tra email chieu mai,create_reminder
lat nua nhac toi kiem tra email chieu mai,create_reminder
nhac toi kiem tra email sang thu hai,create_reminder
dat lich nhac toi kiem tra email sang thu hai,create_reminder
sang thu hai nhac toi kiem tra email,create_reminder
bao toi kiem tra email sang thu hai,create_reminder
nho nhac toi kiem tra email sang thu hai,create_reminder
tao reminder kiem tra email sang thu hai,create_reminder
dung quen nhac toi kiem tra email sang thu hai,create_reminder
lat nua nhac toi kiem tra email sang thu hai,create_reminder
nhac toi kiem tra email ngay mai luc 7h30,create_reminder
dat lich nhac toi kiem tra email ngay mai luc 7h30,create_reminder
ngay mai luc 7h30 nhac toi kiem tra email,create_reminder
bao toi kiem tra email ngay mai luc 7h30,create_reminder
nho nhac toi kiem tra email ngay mai luc 7h30,create_reminder
tao reminder kiem tra email ngay mai luc 7h30,create_reminder
dung quen nhac toi kiem tra email ngay mai luc 7h30,create_reminder
lat nua nhac toi kiem tra email ngay mai luc 7h30,create_reminder
nhac toi kiem tra email toi nay,create_reminder
dat lich nhac toi kiem tra email toi nay,create_reminder
toi nay nhac toi kiem tra email,create_reminder
bao toi kiem tra email toi nay,create_reminder
nho nhac toi kiem tra email toi nay,create_reminder
tao reminder kiem tra email toi nay,create_reminder
dung quen nhac toi kiem tra email toi nay,create_reminder
lat nua nhac toi kiem tra email toi nay,create_reminder
nhac toi kiem tra email 1 tieng nua,create_reminder
dat lich nhac toi kiem tra email 1 tieng nua,create_reminder
1 tieng nua nhac toi kiem tra email,create_reminder
bao toi kiem tra email 1 tieng nua,create_reminder
nho nhac toi kiem tra email 1 tieng nua,create_reminder
tao reminder kiem tra email 1 tieng nua,create_reminder
dung quen nhac toi kiem tra email 1 tieng nua,create_reminder
lat nua nhac toi kiem tra email 1 tieng nua,create_reminder
nhac toi kiem tra email 15 phut nua,create_reminder
dat lich nhac toi kiem tra email 15 phut nua,create_reminder
15 phut nua nhac toi kiem tra email,create_reminder
bao toi kiem tra email 15 phut nua,create_reminder
nho nhac toi kiem tra email 15 phut nua,create_reminder
tao reminder kiem tra email 15 phut nua,create_reminder
dung quen nhac toi kiem tra email 15 phut nua,create_reminder
lat nua nhac toi kiem tra email 15 phut nua,create_reminder
nhac toi kiem tra email mai sang,create_reminder
dat lich nhac toi kiem tra email mai sang,create_reminder
mai sang nhac toi kiem tra email,create_reminder
bao toi kiem tra email mai sang,create_reminder
nho nhac toi kiem tra email mai sang,create_reminder
tao reminder kiem tra email mai sang,create_reminder
dung quen nhac toi kiem tra email mai sang,create_reminder
lat nua nhac toi kiem tra email mai sang,create_reminder
nhac toi chuan bi slide luc 9 gio sang mai,create_reminder
dat lich nhac toi chuan bi slide luc 9 gio sang mai,create_reminder
luc 9 gio sang mai nhac toi chuan bi slide,create_reminder
bao toi chuan bi slide luc 9 gio sang mai,create_reminder
nho nhac toi chuan bi slide luc 9 gio sang mai,create_reminder
tao reminder chuan bi slide luc 9 gio sang mai,create_reminder
dung quen nhac toi chuan bi slide luc 9 gio sang mai,create_reminder
lat nua nhac toi chuan bi slide luc 9 gio sang mai,create_reminder
nhac toi chuan bi slide 8 gio toi nay,create_reminder
dat lich nhac toi chuan bi slide 8 gio toi nay,create_reminder
8 gio toi nay nhac toi chuan bi slide,create_reminder
bao toi chuan bi slide 8 gio toi nay,create_reminder
nho nhac toi chuan bi slide 8 gio toi nay,create_reminder
tao reminder chuan bi slide 8 gio toi nay,create_reminder
dung quen nhac toi chuan bi slide 8 gio toi nay,create_reminder
lat nua nhac toi chuan bi slide 8 gio toi nay,create_reminder
nhac toi chuan bi slide 30 phut nua,create_reminder
dat lich nhac toi chuan bi slide 30 phut nua,create_reminder
30 phut nua nhac toi chuan bi slide,create_reminder
bao toi chuan bi slide 30 phut nua,create_reminder
nho nhac toi chuan bi slide 30 phut nua,create_reminder
tao reminder chuan bi slide 30 phut nua,create_reminder
dung quen nhac toi chuan bi slide 30 phut nua,create_reminder
lat nua nhac toi chuan bi slide 30 phut nua,create_reminder
nhac toi chuan bi slide chieu mai,create_reminder
dat lich nhac toi chuan bi slide chieu mai,create_reminder
chieu mai nhac toi chuan bi slide,create_reminder
bao toi chuan bi slide chieu mai,create_reminder
nho nhac toi chuan bi slide chieu mai,create_reminder
tao reminder chuan bi slide chieu mai,create_reminder
dung quen nhac toi chuan bi slide chieu mai,create_reminder
lat nua nhac toi chuan bi slide chieu mai,create_reminder
nhac toi chuan bi slide sang thu hai,create_reminder
dat lich nhac toi chuan bi slide sang thu hai,create_reminder
sang thu hai nhac toi chuan bi slide,create_reminder
bao toi chuan bi slide sang thu hai,create_reminder
nho nhac toi chuan bi slide sang thu hai,create_reminder
tao reminder chuan bi slide sang thu hai,create_reminder
dung quen nhac toi chuan bi slide sang thu hai,create_reminder
lat nua nhac toi chuan bi slide sang thu hai,create_reminder
nhac toi chuan bi slide ngay mai luc 7h30,create_reminder
dat lich nhac toi chuan bi slide ngay mai luc 7h30,create_reminder
ngay mai luc 7h30 nhac toi chuan bi slide,create_reminder
bao toi chuan bi slide ngay mai luc 7h30,create_reminder
nho nhac toi chuan bi slide ngay mai luc 7h30,create_reminder
tao reminder chuan bi slide ngay mai luc 7h30,create_reminder
dung quen nhac toi chuan bi slide ngay mai luc 7h30,create_reminder
lat nua nhac toi chuan bi slide ngay mai luc 7h30,create_reminder
nhac toi chuan bi slide toi nay,create_reminder
dat lich nhac toi chuan bi slide toi nay,create_reminder
toi nay nhac toi chuan bi slide,create_reminder
bao toi chuan bi slide toi nay,create_reminder
nho nhac toi chuan bi slide toi nay,create_reminder
tao reminder chuan bi slide toi nay,create_reminder
dung quen nhac toi chuan bi slide toi nay,create_reminder
lat nua nhac toi chuan bi slide toi nay,create_reminder
nhac toi chuan bi slide 1 tieng nua,create_reminder
dat lich nhac toi chuan bi slide 1 tieng nua,create_reminder
1 tieng nua nhac toi chuan bi slide,create_reminder
bao toi chuan bi slide 1 tieng nua,create_reminder
nho nhac toi chuan bi slide 1 tieng nua,create_reminder
tao reminder chuan bi slide 1 tieng nua,create_reminder
dung quen nhac toi chuan bi slide 1 tieng nua,create_reminder
lat nua nhac toi chuan bi slide 1 tieng nua,create_reminder
nhac toi chuan bi slide 15 phut nua,create_reminder
dat lich nhac toi chuan bi slide 15 phut nua,create_reminder
15 phut nua nhac toi chuan bi slide,create_reminder
bao toi chuan bi slide 15 phut nua,create_reminder
nho nhac toi chuan bi slide 15 phut nua,create_reminder
tao reminder chuan bi slide 15 phut nua,create_reminder
dung quen nhac toi chuan bi slide 15 phut nua,create_reminder
lat nua nhac toi chuan bi slide 15 phut nua,create_reminder
nhac toi chuan bi slide mai sang,create_reminder
dat lich nhac toi chuan bi slide mai sang,create_reminder
mai sang nhac toi chuan bi slide,create_reminder
bao toi chuan bi slide mai sang,create_reminder
nho nhac toi chuan bi slide mai sang,create_reminder
tao reminder chuan bi slide mai sang,create_reminder
dung quen nhac toi chuan bi slide mai sang,create_reminder
lat nua nhac toi chuan bi slide mai sang,create_reminder
nhac toi nghi mat luc 9 gio sang mai,create_reminder
dat lich nhac toi nghi mat luc 9 gio sang mai,create_reminder
luc 9 gio sang mai nhac toi nghi mat,create_reminder
bao toi nghi mat luc 9 gio sang mai,create_reminder
nho nhac toi nghi mat luc 9 gio sang mai,create_reminder
tao reminder nghi mat luc 9 gio sang mai,create_reminder
dung quen nhac toi nghi mat luc 9 gio sang mai,create_reminder
lat nua nhac toi nghi mat luc 9 gio sang mai,create_reminder
nhac toi nghi mat 8 gio toi nay,create_reminder
dat lich nhac toi nghi mat 8 gio toi nay,create_reminder
8 gio toi nay nhac toi nghi mat,create_reminder
bao toi nghi mat 8 gio toi nay,create_reminder
nho nhac toi nghi mat 8 gio toi nay,create_reminder
tao reminder nghi mat 8 gio toi nay,create_reminder
dung quen nhac toi nghi mat 8 gio toi nay,create_reminder
lat nua nhac toi nghi mat 8 gio toi nay,create_reminder
nhac toi nghi mat 30 phut nua,create_reminder
dat lich nhac toi nghi mat 30 phut nua,create_reminder
30 phut nua nhac toi nghi mat,create_reminder
bao toi nghi mat 30 phut nua,create_reminder
nho nhac toi nghi mat 30 phut nua,create_reminder
tao reminder nghi mat 30 phut nua,create_reminder
dung quen nhac toi nghi mat 30 phut nua,create_reminder
lat nua nhac toi nghi mat 30 phut nua,create_reminder
nhac toi nghi mat chieu mai,create_reminder
dat lich nhac toi nghi mat chieu mai,create_reminder
chieu mai nhac toi nghi mat,create_reminder
bao toi nghi mat chieu mai,create_reminder
nho nhac toi nghi mat chieu mai,create_reminder
tao reminder nghi mat chieu mai,create_reminder
dung quen nhac toi nghi mat chieu mai,create_reminder
lat nua nhac toi nghi mat chieu mai,create_reminder
nhac toi nghi mat sang thu hai,create_reminder
dat lich nhac toi nghi mat sang thu hai,create_reminder
sang thu hai nhac toi nghi mat,create_reminder
bao toi nghi mat sang thu hai,create_reminder
nho nhac toi nghi mat sang thu hai,create_reminder
tao reminder nghi mat sang thu hai,create_reminder
dung quen nhac toi nghi mat sang thu hai,create_reminder
lat nua nhac toi nghi mat sang thu hai,create_reminder
nhac toi nghi mat ngay mai luc 7h30,create_reminder
dat lich nhac toi nghi mat ngay mai luc 7h30,create_reminder
ngay mai luc 7h30 nhac toi nghi mat,create_reminder
bao toi nghi mat ngay mai luc 7h30,create_reminder
nho nhac toi nghi mat ngay mai luc 7h30,create_reminder
tao reminder nghi mat ngay mai luc 7h30,create_reminder
dung quen nhac toi nghi mat ngay mai luc 7h30,create_reminder
lat nua nhac toi nghi mat ngay mai luc 7h30,create_reminder
nhac toi nghi mat toi nay,create_reminder
dat lich nhac toi nghi mat toi nay,create_reminder
toi nay nhac toi nghi mat,create_reminder
bao toi nghi mat toi nay,create_reminder
nho nhac toi nghi mat toi nay,create_reminder
tao reminder nghi mat toi nay,create_reminder
dung quen nhac toi nghi mat toi nay,create_reminder
lat nua nhac toi nghi mat toi nay,create_reminder
nhac toi nghi mat 1 tieng nua,create_reminder
dat lich nhac toi nghi mat 1 tieng nua,create_reminder
1 tieng nua nhac toi nghi mat,create_reminder
bao toi nghi mat 1 tieng nua,create_reminder
nho nhac toi nghi mat 1 tieng nua,create_reminder
tao reminder nghi mat 1 tieng nua,create_reminder
dung quen nhac toi nghi mat 1 tieng nua,create_reminder
lat nua nhac toi nghi mat 1 tieng nua,create_reminder
nhac toi nghi mat 15 phut nua,create_reminder
dat lich nhac toi nghi mat 15 phut nua,create_reminder
15 phut nua nhac toi nghi mat,create_reminder
bao toi nghi mat 15 phut nua,create_reminder
nho nhac toi nghi mat 15 phut nua,create_reminder
tao reminder nghi mat 15 phut nua,create_reminder
dung quen nhac toi nghi mat 15 phut nua,create_reminder
lat nua nhac toi nghi mat 15 phut nua,create_reminder
nhac toi nghi mat mai sang,create_reminder
dat lich nhac toi nghi mat mai sang,create_reminder
mai sang nhac toi nghi mat,create_reminder
bao toi nghi mat mai sang,create_reminder
nho nhac toi nghi mat mai sang,create_reminder
tao reminder nghi mat mai sang,create_reminder
dung quen nhac toi nghi mat mai sang,create_reminder
lat nua nhac toi nghi mat mai sang,create_reminder
nhac toi di kham luc 9 gio sang mai,create_reminder
dat lich nhac toi di kham luc 9 gio sang mai,create_reminder
luc 9 gio sang mai nhac toi di kham,create_reminder
bao toi di kham luc 9 gio sang mai,create_reminder
nho nhac toi di kham luc 9 gio sang mai,create_reminder
tao reminder di kham luc 9 gio sang mai,create_reminder
dung quen nhac toi di kham luc 9 gio sang mai,create_reminder
lat nua nhac toi di kham luc 9 gio sang mai,create_reminder
nhac toi di kham 8 gio toi nay,create_reminder
dat lich nhac toi di kham 8 gio toi nay,create_reminder
8 gio toi nay nhac toi di kham,create_reminder
bao toi di kham 8 gio toi nay,create_reminder
nho nhac toi di kham 8 gio toi nay,create_reminder
tao reminder di kham 8 gio toi nay,create_reminder
dung quen nhac toi di kham 8 gio toi nay,create_reminder
lat nua nhac toi di kham 8 gio toi nay,create_reminder
nhac toi di kham 30 phut nua,create_reminder
dat lich nhac toi di kham 30 phut nua,create_reminder
30 phut nua nhac toi di kham,create_reminder
bao toi di kham 30 phut nua,create_reminder
nho nhac toi di kham 30 phut nua,create_reminder
tao reminder di kham 30 phut nua,create_reminder
dung quen nhac toi di kham 30 phut nua,create_reminder
lat nua nhac toi di kham 30 phut nua,create_reminder
nhac toi di kham chieu mai,create_reminder
dat lich nhac toi di kham chieu mai,create_reminder
chieu mai nhac toi di kham,create_reminder
bao toi di kham chieu mai,create_reminder
nho nhac toi di kham chieu mai,create_reminder
tao reminder di kham chieu mai,create_reminder
dung quen nhac toi di kham chieu mai,create_reminder
lat nua nhac toi di kham chieu mai,create_reminder
nhac toi di kham sang thu hai,create_reminder
dat lich nhac toi di kham sang thu hai,create_reminder
sang thu hai nhac toi di kham,create_reminder
bao toi di kham sang thu hai,create_reminder
nho nhac toi di kham sang thu hai,create_reminder
tao reminder di kham sang thu hai,create_reminder
dung quen nhac toi di kham sang thu hai,create_reminder
lat nua nhac toi di kham sang thu hai,create_reminder
nhac toi di kham ngay mai luc 7h30,create_reminder
dat lich nhac toi di kham ngay mai luc 7h30,create_reminder
ngay mai luc 7h30 nhac toi di kham,create_reminder
bao toi di kham ngay mai luc 7h30,create_reminder
nho nhac toi di kham ngay mai luc 7h30,create_reminder
tao reminder di kham ngay mai luc 7h30,create_reminder
dung quen nhac toi di kham ngay mai luc 7h30,create_reminder
lat nua nhac toi di kham ngay mai luc 7h30,create_reminder
nhac toi di kham toi nay,create_reminder
dat lich nhac toi di kham toi nay,create_reminder
toi nay nhac toi di kham,create_reminder
bao toi di kham toi nay,create_reminder
nho nhac toi di kham toi nay,create_reminder
tao reminder di kham toi nay,create_reminder
dung quen nhac toi di kham toi nay,create_reminder
lat nua nhac toi di kham toi nay,create_reminder
nhac toi di kham 1 tieng nua,create_reminder
dat lich nhac toi di kham 1 tieng nua,create_reminder
1 tieng nua nhac toi di kham,create_reminder
bao toi di kham 1 tieng nua,create_reminder
nho nhac toi di kham 1 tieng nua,create_reminder
tao reminder di kham 1 tieng nua,create_reminder
dung quen nhac toi di kham 1 tieng nua,create_reminder
lat nua nhac toi di kham 1 tieng nua,create_reminder
nhac toi di kham 15 phut nua,create_reminder
dat lich nhac toi di kham 15 phut nua,create_reminder
15 phut nua nhac toi di kham,create_reminder
bao toi di kham 15 phut nua,create_reminder
nho nhac toi di kham 15 phut nua,create_reminder
tao reminder di kham 15 phut nua,create_reminder
dung quen nhac toi di kham 15 phut nua,create_reminder
lat nua nhac toi di kham 15 phut nua,create_reminder
nhac toi di kham mai sang,create_reminder
dat lich nhac toi di kham mai sang,create_reminder
mai sang nhac toi di kham,create_reminder
bao toi di kham mai sang,create_reminder
nho nhac toi di kham mai sang,create_reminder
tao reminder di kham mai sang,create_reminder
dung quen nhac toi di kham mai sang,create_reminder
lat nua nhac toi di kham mai sang,create_reminder
xem danh sach nhac viec,list_reminders
liet ke reminder cua toi,list_reminders
hom nay co nhac viec gi khong,list_reminders
cho toi xem cac viec can nhac,list_reminders
xem reminder,list_reminders
danh sach reminder,list_reminders
xem lich nhac,list_reminders
nhung viec nao sap toi,list_reminders
co nhac viec nao khong,list_reminders
toi con lich nhac nao khong,list_reminders
mo danh sach reminder,list_reminders
xem cac nhac viec sap den,list_reminders
con viec nao can nhac khong,list_reminders
lich nhac sap toi la gi,list_reminders
cho xem lich nhac con lai,list_reminders
hoan thanh nhac viec so 1,complete_reminder
danh dau reminder thu hai da xong,complete_reminder
xong reminder so 3,complete_reminder
da lam nhac viec dau tien,complete_reminder
complete reminder 2,complete_reminder
hoan thanh reminder so 1,complete_reminder
danh dau viec nhac nay hoan tat,complete_reminder
xac nhan nhac viec so 2 da xong,complete_reminder
viec nhac dau tien xong roi,complete_reminder
lich nhac nay da xong,complete_reminder
danh dau nhac viec hoan tat,complete_reminder
xac nhan reminder da hoan thanh,complete_reminder
hoan tat reminder nay,complete_reminder
xoa nhac viec so 3,delete_reminder
bo reminder thu nhat,delete_reminder
xoa reminder 2,delete_reminder
huy nhac viec nay,delete_reminder
delete reminder so 1,delete_reminder
xoa nhac viec so 2,delete_reminder
bo lich nhac dau tien,delete_reminder
huy reminder thu ba,delete_reminder
huy lich nhac so 1,delete_reminder
bo cai reminder vua tao,delete_reminder
xoa lich nhac thu ba,delete_reminder
huy reminder vua roi,delete_reminder
bo lich nhac nay,delete_reminder
xoa nhac lich gan nhat,delete_reminder
sua nhac viec so 2 thanh hop luc 10 gio,update_reminder
doi reminder dau tien sang chieu mai,update_reminder
doi nhac viec so 1 sang 9 gio,update_reminder
cap nhat reminder thu hai,update_reminder
sua reminder so 2,update_reminder
doi noi dung nhac viec nay,update_reminder
chuyen lich nhac sang toi nay,update_reminder
doi nhac viec sang ngay mai,update_reminder
doi lich nhac dau tien sang 8 gio toi,update_reminder
doi reminder hop sang chieu mai,update_reminder
cap nhat noi dung nhac viec so 2,update_reminder
nhac lai sau 10 phut,snooze_reminder
hoan reminder nay 15 phut,snooze_reminder
bao lai sau 5 phut,snooze_reminder
snooze reminder 30 phut,snooze_reminder
nhac lai sau 20 phut,snooze_reminder
hoan nhac viec mot tieng,snooze_reminder
de lat nua nhac lai,snooze_reminder
lui reminder nay 10 phut,snooze_reminder
lui nhac viec nay nua tieng,snooze_reminder
de 20 phut nua nhac lai,snooze_reminder
tam hoan reminder 5 phut,snooze_reminder
nhac lai sau nua tieng,snooze_reminder
lui reminder them 15 phut,snooze_reminder
hoan lich nhac mot lat,snooze_reminder
tim google cach nau pho,web_search
tra cuu cach nau pho,web_search
google cach nau pho,web_search
tim kiem cach nau pho,web_search
xem tren mang cach nau pho,web_search
search cach nau pho,web_search
cho toi biet cach nau pho,web_search
tim tren mang cach nau pho,web_search
tra giup toi cach nau pho,web_search
xem thong tin cach nau pho,web_search
tim google thoi tiet hom nay,web_search
tra cuu thoi tiet hom nay,web_search
google thoi tiet hom nay,web_search
tim kiem thoi tiet hom nay,web_search
xem tren mang thoi tiet hom nay,web_search
search thoi tiet hom nay,web_search
cho toi biet thoi tiet hom nay,web_search
tim tren mang thoi tiet hom nay,web_search
tra giup toi thoi tiet hom nay,web_search
xem thong tin thoi tiet hom nay,web_search
tim google gia iphone moi nhat,web_search
tra cuu gia iphone moi nhat,web_search
google gia iphone moi nhat,web_search
tim kiem gia iphone moi nhat,web_search
xem tren mang gia iphone moi nhat,web_search
search gia iphone moi nhat,web_search
cho toi biet gia iphone moi nhat,web_search
tim tren mang gia iphone moi nhat,web_search
tra giup toi gia iphone moi nhat,web_search
xem thong tin gia iphone moi nhat,web_search
tim google tin tuc cong nghe,web_search
tra cuu tin tuc cong nghe,web_search
google tin tuc cong nghe,web_search
tim kiem tin tuc cong nghe,web_search
xem tren mang tin tuc cong nghe,web_search
search tin tuc cong nghe,web_search
cho toi biet tin tuc cong nghe,web_search
tim tren mang tin tuc cong nghe,web_search
tra giup toi tin tuc cong nghe,web_search
xem thong tin tin tuc cong nghe,web_search
tim google python la gi,web_search
tra cuu python la gi,web_search
google python la gi,web_search
tim kiem python la gi,web_search
xem tren mang python la gi,web_search
search python la gi,web_search
cho toi biet python la gi,web_search
tim tren mang python la gi,web_search
tra giup toi python la gi,web_search
xem thong tin python la gi,web_search
tim google huong dan dung excel,web_search
tra cuu huong dan dung excel,web_search
google huong dan dung excel,web_search
tim kiem huong dan dung excel,web_search
xem tren mang huong dan dung excel,web_search
search huong dan dung excel,web_search
cho toi biet huong dan dung excel,web_search
tim tren mang huong dan dung excel,web_search
tra giup toi huong dan dung excel,web_search
xem thong tin huong dan dung excel,web_search
tim google review laptop van phong,web_search
tra cuu review laptop van phong,web_search
google review laptop van phong,web_search
tim kiem review laptop van phong,web_search
xem tren mang review laptop van phong,web_search
search review laptop van phong,web_search
cho toi biet review laptop van phong,web_search
tim tren mang review laptop van phong,web_search
tra giup toi review laptop van phong,web_search
xem thong tin review laptop van phong,web_search
tim google ty gia do la hom nay,web_search
tra cuu ty gia do la hom nay,web_search
google ty gia do la hom nay,web_search
tim kiem ty gia do la hom nay,web_search
xem tren mang ty gia do la hom nay,web_search
search ty gia do la hom nay,web_search
cho toi biet ty gia do la hom nay,web_search
tim tren mang ty gia do la hom nay,web_search
tra giup toi ty gia do la hom nay,web_search
xem thong tin ty gia do la hom nay,web_search
tim google cach sua loi may in,web_search
tra cuu cach sua loi may in,web_search
google cach sua loi may in,web_search
tim kiem cach sua loi may in,web_search
xem tren mang cach sua loi may in,web_search
search cach sua loi may in,web_search
cho toi biet cach sua loi may in,web_search
tim tren mang cach sua loi may in,web_search
tra giup toi cach sua loi may in,web_search
xem thong tin cach sua loi may in,web_search
tim google gia vang hom nay,web_search
tra cuu gia vang hom nay,web_search
google gia vang hom nay,web_search
tim kiem gia vang hom nay,web_search
xem tren mang gia vang hom nay,web_search
search gia vang hom nay,web_search
cho toi biet gia vang hom nay,web_search
tim tren mang gia vang hom nay,web_search
tra giup toi gia vang hom nay,web_search
xem thong tin gia vang hom nay,web_search
tim google thoi tiet sai gon,web_search
tra cuu thoi tiet sai gon,web_search
google thoi tiet sai gon,web_search
tim kiem thoi tiet sai gon,web_search
xem tren mang thoi tiet sai gon,web_search
search thoi tiet sai gon,web_search
cho toi biet thoi tiet sai gon,web_search
tim tren mang thoi tiet sai gon,web_search
tra giup toi thoi tiet sai gon,web_search
xem thong tin thoi tiet sai gon,web_search
tim google huong dan dung google drive,web_search
tra cuu huong dan dung google drive,web_search
google huong dan dung google drive,web_search
tim kiem huong dan dung google drive,web_search
xem tren mang huong dan dung google drive,web_search
search huong dan dung google drive,web_search
cho toi biet huong dan dung google drive,web_search
tim tren mang huong dan dung google drive,web_search
tra giup toi huong dan dung google drive,web_search
xem thong tin huong dan dung google drive,web_search
mo youtube nhac nhe,youtube_search
bat youtube nhac nhe,youtube_search
nghe nhac nhe tren youtube,youtube_search
tim video nhac nhe tren youtube,youtube_search
phat youtube nhac nhe,youtube_search
play nhac nhe youtube,youtube_search
mo video nhac nhe tren youtube,youtube_search
tim nhac nhe o youtube,youtube_search
mo youtube lofi hoc bai,youtube_search
bat youtube lofi hoc bai,youtube_search
nghe lofi hoc bai tren youtube,youtube_search
tim video lofi hoc bai tren youtube,youtube_search
phat youtube lofi hoc bai,youtube_search
play lofi hoc bai youtube,youtube_search
mo video lofi hoc bai tren youtube,youtube_search
tim lofi hoc bai o youtube,youtube_search
mo youtube video huong dan python,youtube_search
bat youtube video huong dan python,youtube_search
nghe video huong dan python tren youtube,youtube_search
tim video video huong dan python tren youtube,youtube_search
phat youtube video huong dan python,youtube_search
play video huong dan python youtube,youtube_search
mo video video huong dan python tren youtube,youtube_search
tim video huong dan python o youtube,youtube_search
mo youtube nhac thu gian,youtube_search
bat youtube nhac thu gian,youtube_search
nghe nhac thu gian tren youtube,youtube_search
tim video nhac thu gian tren youtube,youtube_search
phat youtube nhac thu gian,youtube_search
play nhac thu gian youtube,youtube_search
mo video nhac thu gian tren youtube,youtube_search
tim nhac thu gian o youtube,youtube_search
mo youtube tin cong nghe,youtube_search
bat youtube tin cong nghe,youtube_search
nghe tin cong nghe tren youtube,youtube_search
tim video tin cong nghe tren youtube,youtube_search
phat youtube tin cong nghe,youtube_search
play tin cong nghe youtube,youtube_search
mo video tin cong nghe tren youtube,youtube_search
tim tin cong nghe o youtube,youtube_search
mo youtube bai hat son tung,youtube_search
bat youtube bai hat son tung,youtube_search
nghe bai hat son tung tren youtube,youtube_search
tim video bai hat son tung tren youtube,youtube_search
phat youtube bai hat son tung,youtube_search
play bai hat son tung youtube,youtube_search
mo video bai hat son tung tren youtube,youtube_search
tim bai hat son tung o youtube,youtube_search
mo youtube playlist tap trung,youtube_search
bat youtube playlist tap trung,youtube_search
nghe playlist tap trung tren youtube,youtube_search
tim video playlist tap trung tren youtube,youtube_search
phat youtube playlist tap trung,youtube_search
play playlist tap trung youtube,youtube_search
mo video playlist tap trung tren youtube,youtube_search
tim playlist tap trung o youtube,youtube_search
mo youtube karaoke bolero,youtube_search
bat youtube karaoke bolero,youtube_search
nghe karaoke bolero tren youtube,youtube_search
tim video karaoke bolero tren youtube,youtube_search
phat youtube karaoke bolero,youtube_search
play karaoke bolero youtube,youtube_search
mo video karaoke bolero tren youtube,youtube_search
tim karaoke bolero o youtube,youtube_search
mo youtube nhac tap trung lam viec,youtube_search
bat youtube nhac tap trung lam viec,youtube_search
nghe nhac tap trung lam viec tren youtube,youtube_search
tim video nhac tap trung lam viec tren youtube,youtube_search
phat youtube nhac tap trung lam viec,youtube_search
play nhac tap trung lam viec youtube,youtube_search
mo video nhac tap trung lam viec tren youtube,youtube_search
tim nhac tap trung lam viec o youtube,youtube_search
mo youtube video day excel,youtube_search
bat youtube video day excel,youtube_search
nghe video day excel tren youtube,youtube_search
tim video video day excel tren youtube,youtube_search
phat youtube video day excel,youtube_search
play video day excel youtube,youtube_search
mo video video day excel tren youtube,youtube_search
tim video day excel o youtube,youtube_search
mo youtube karaoke tru tinh,youtube_search
bat youtube karaoke tru tinh,youtube_search
nghe karaoke tru tinh tren youtube,youtube_search
tim video karaoke tru tinh tren youtube,youtube_search
phat youtube karaoke tru tinh,youtube_search
play karaoke tru tinh youtube,youtube_search
mo video karaoke tru tinh tren youtube,youtube_search
tim karaoke tru tinh o youtube,youtube_search
check email moi,check_email
xem gmail hom nay,check_email
doc hop thu den,check_email
kiem tra mail chua doc,check_email
co email moi khong,check_email
xem thu moi,check_email
kiem tra email,check_email
doc gmail,check_email
mo hop thu gmail,check_email
xem email hom qua,check_email
kiem tra inbox,check_email
mail moi nhat la gi,check_email
hop thu co gi moi khong,check_email
xem mail chua doc giup toi,check_email
kiem tra gmail moi nhat,check_email
doc email hom nay,check_email
mail moi co gi,check_email
inbox co thu moi khong,check_email
kiem tra hop thu den,check_email
xem thu chua doc,check_email
gui email cho anh nam,send_email
soan mail gui khach hang,send_email
gui thu bao cao cho chi lan,send_email
send email cho phong ke toan,send_email
gui email cho sep,send_email
viet email cho doi tac,send_email
soan email nhac lich hop,send_email
gui mail bao cao doanh thu,send_email
gui email kem file bao cao,send_email
soan thu cho doi tac ve lich hop,send_email
gui mail bao cao cho sep,send_email
viet email cho khach hang,send_email
tra loi email so 1,reply_email
reply mail moi nhat,reply_email
phan hoi email dau tien,reply_email
tra loi email so 2,reply_email
reply all email nay,reply_email
tra loi thu vua nhan,reply_email
phan hoi mail cua khach,reply_email
reply email thu ba,reply_email
phan hoi thu dau tien,reply_email
tra loi mail cua khach vua gui,reply_email
reply email so ba,reply_email
phan hoi mail moi nhat,reply_email
tra loi thu cua doi tac,reply_email
reply thu dau tien,reply_email
toi met qua,chat
ban la ai,chat
giai thich giup toi machine learning,chat
hom nay toi nen lam gi,chat
ke toi nghe mot cau chuyen,chat
python khac java the nao,chat
toi can loi khuyen hoc tap,chat
noi chuyen voi toi mot chut,chat
ban co the giup gi,chat
y nghia cua nang suat la gi,chat
lam sao de tap trung hon,chat
giai thich don gian ve api,chat
toi muon len ke hoach hoc python,chat
giai thich cho toi hoc may la gi,chat
toi muon noi chuyen mot chut,chat
lap ke hoach hoc tieng anh cho toi,chat
ban nghi toi nen uu tien viec nao,chat
toi dang phan van nen lam gi,chat
giai thich khai niem don gian,chat
cho toi loi khuyen hoc tap,chat
toi muon tam su mot chut,chat
len ke hoach hoc tap cho toi,chat
mở edge,open_app
danh sách nhắc hẹn,list_reminders
xem email,check_email
